Name,Phone
"Kendriya Vidyalaya No.1, Bangalore Urban","080-28389852"
"Kendriya Vidyalaya No.1, Dakshina Kannada","0824 407337 , 407337"
"Kendriya Vidyalaya No.1, Dharwad","0831 352434 , 3440503"
"Kendriya Vidyalaya No.2, Bangalore Urban","080 - 28389700, 25301227"
"Kendriya Vidyalaya No.2, Belgaum","0831 2426299 , 428920 2428920"
"Kendriya Vidyalaya No.2, Dharwad","0836 265184 , 362919"
"Jawahar Navodaya Vidyalaya -2, Mysore","08474 292600"
"Kendriya Vidyalaya No.3, Belgaum","0831 2460777"
"Kenriya Vidyalaya No.2, Dakshina Kannada","0824 424755 , 424755"
"515 Army Base Workshop High School, Bangalore Urban","08025307559"
"A M C School, Bangalore Urban","080 56987028 , 26638994 28562544"
"T.M.A.E Society Dav Public School, Bellary","08394 265511 , 717487"
"A.C. Shetty Memorial Primary School, Udupi","08284 08259-285269, 08259-285369 , 28562544"
"DR.N.A. Magadum Central Public School, Belgaum","(08338) 254291"
"R. A. Patil Public School, Belgaum","08338295541"
"A. C. School, Bengaluru","080-28383180, 080-23452133"
"H. A. L. Gnanajyoti School, Bengaluru","080-25400037, 08025400860"
"Aavishkar Academy, Bengaluru","080-25561666"
"National Academy For Learning, Bangalore Urban","+91-80-23239281"
"Vidyashilp Academy, Bangalore Urban","080-28563678"
"The Sudarshan Vidya Mandir I.C.S.E. Academy, Bengaluru","080-26646221, 080-26641982"
"Gnana Deepa Academy Residential School, Bangalore Rural",""
"Sarala Birla Academy, Bangalore Urban","080-41348200, 080-41348203"
"Karaumbiah's Academy For Learning and Sports, Kodagu","08274-279456, 08274-279457"
"Mitra Academy, Bengaluru","080-41107545, 080-26482386"
"Inventure Academy, Bangalore Urban","080 27822101, 02, 03, 04"
"Insight Academy, Bengaluru","080-26667333, 080-26667444"
"National Academy For Learning, Bangalore Urban","080 3239281 , 3231567 5296667"
"Silicon City Academy of Secondary Education, Bangalore Urban","080 26323953 , 57538443"
"PSBB Learning Leadership Academy, Bangalore Urban","+91–080–27837021/22"
"S M S Academy of Central Education, Kodagu","0751 08274-200025 , 0751-4033202"
"Vidyanjali Academy For Learning, Bangalore Urban","01655 240352"
"The Deen's Academy, Bangalore Urban","02423 080-28454464 , 09412714997"
"Diya Academy of Learning, Bangalore Urban","08284 080 32953468 , 28562544"
"The Samhita Academy, Bangalore Urban","080-27837001"
"Bensons International Academy, Mysore","0821 2302266"
"The Fbes Academy, Belgaum","08332 25004 , 25154 25004"
"The Amaatra Academy Lower Primary School, Bangalore Urban","9686329789"
"Pramati Hill View Academy, Mysore","0821 2414691 , 0821-2411004"
"Sri Kumaran Childrens Academy, Bangalore Urban","08026322921"
"Raj Academy Higher Primery & Raj Academy High School, Dakshina Kannada","08284 08242256215 , 28562544"
"Kunil Ilmu Academy, Dakshina Kannada","919448217157"
"National Academy School, Kodagu","08274248748"
"Florence Academy, Bangalore Urban","08027848202"
"Achievers Academy, Bangalore Urban","08027839266"
"Global Academy For Learning School, Bangalore Urban","08064555804"
"Young Scholars Academy, Bangalore Urban","08023657788"
"S.v.s Educational Academy, Bangalore Urban","080 30407906"
"De Sales Academy, Bangalore Rural","080-27836250, 080-27832450"
"Christ Academy I. C. S. E. School, Bengaluru","080-27837100, 080-27837101"
"Janak Academy, Bengaluru","080-26581477"
"Notre Dame Academy, Bengaluru","08861628237"
"St. Patrick's Academy, Bengaluru","080-28439115, 080-28440729"
"Carmel Academy, Bengaluru","08040964602"
"Redbridge International Academy, Bengaluru","+918110420303"
"Acharya Pathasala Public School, Bengaluru","080-26621302, 080-26603826"
"Acharya Vidya Kula, Mysore","0821-2402150"
"ACTS Secondary School, Bengaluru","080-65370156, 080-65370157"
"Adhyayan School, Mysore","0821-2476147, 09342241211"
"Sri. Adichunchanagiri Central School, Mysore","08284 0821-2463869 , 28562544"
"Mallya Aditi International School, Bengaluru","080-40447000, 28560506, 080-28560507"
"Aditya Public School, Bangalore Rural","080-27622700, 080-27425001"
"The Aditya Birla Public School, Dharwad","08192 42171-1 , 42871-5 43710"
"The Aditya Birla Public School, Gulbarga","08441 288213 , 66166 09844890026"
"Seventh Day Adventist Higher Secondary School, Bengaluru","080-25514606, 080-25552426"
"Dr. N. Shankara Adyanthaya Memorial English Medium High School, Udupi","080 08258-281100 , 6637959"
"Mirambika School For New Age, Bangalore Urban","080 26640562 , 885 22449882"
"Aecs Magnolia Maaruti Public School, Bangalore Urban","08192 08026485622 , 240486"
"Agragami Vidya Kendra, Bangalore Urban","01482 080-32922725 , 241465"
"Air Force School, JC Nagar","080 23411061 extb 7955 7631 7633 , 3094322 9008511773"
"Air Force School, Jalahalli","080 8397641 , 3312817"
"Air Force School, Bidar","08482 26281 , 28187"
"Air Force School, Yelahanka","080 28478067 , 8561753 9343818181"
"Air Force School, Aste","080-25272332, 080-25401812"
"Aishwarya International Public School, Mandya","08232-213499"
"Akash International Residential Public School, Bangalore Rural","080-27681349-080, 080-27680100"
"Akash International Residential Public School, Bangalore Urban","08332 08027681349 , 25004"
"Sayyid Akbar Husayni School, Gulbarga","08472-223939"
"St. Joseph's Aksharadhama, Shimoga","09743094064, 09686124121"
"Akshara Residential School, Shimoga","08187-290279, 08187-290810"
"AL-furqan Islamic English Medium School, Dakshina Kannada","08258 206104, 324162"
"Aleemee Public School, Bengaluru","08472-653477"
"The ALG Crescent School, Kodagu","0471 29678 , 2355"
"Alpine Public School, Bangalore Urban","08041144555"
"Patil Bayyapur Amaregowda Central School, Raichur","08537-258628"
"Amarajyothi English Primary School, Bengaluru","080-5613555"
"Amara Jyothi Public School, Bangalore Urban","080 25612555 , 25655044"
"Amber Valley Residential School, Chikmagalur","08262-224535, 08262-224633"
"American Friendship Residential School, Kolar","08156-261016, 080-25280597"
"Amratha Bharathi Vidyakendra, Udupi","08253251011"
"Amrita Vidyalayam, Mysore","0821 542959 , 05278-222707"
"Amrita Vidyalayam, Dakshina Kannada","0824 2452772"
"Amrita Vidyalayam, Davanagere","0751 2427916"
"Amrita Vidyalayam, Uttara Kannada","0755 231282 , 07552550036"
"Amrita Vidyalayam, Belgaum","0831-2443153, 2441284"
"Amrita Vidyalayam, Jnanabharathi","080-23241565, 64558737"
"Anantha International School, Hassan","08174-233384, 08174-233339"
"Anand Shiksha Kendra, Bangalore Urban","080 41688547 , 41688546"
"Anantha Vidyaniketana, Bengaluru","080-27403075"
"Sishu Griha Montessori and High, Bengaluru","080-25213941, 080-25213940"
"Shalini Kannada and English Primary School, Bengaluru","080-25470576, 080-25473316"
"De Paul International Residential School and Junior College, Mandya","0281-3290401-02, 08236-290340-43"
"Basavarajeswari Public School and College, Bellary","08392-261190, 08392-261191"
"Cauvery Primary and High School, Bengaluru","080-23535678"
"Oriental Primary and High School, Dharwad","0836-2236009"
"Kendriya Vidyalaya, MEG and Center","080-25365053,25300060, 25570105"
"Manasa Gangothri Vidyalaya Kannada Nursery and Higher Primary School, Bangalore Urban","080-23407682"
"Sri Maruthi Primary and High School, Bangalore Urban","080-26850069, 26545272"
"Satyam International School and PU College, Bellary","08392257026"
"Sri Kumaran Children's Home English Nursery And Primary School, Bangalore Urban","080 6643077 , 6646826 6768658"
"Madhavakripa English Nursery And Higher Primary School, Udupi","0820 2570317 , 2574317"
"Danigond Pre-primary and Primary School, Bagalkot","08353 255599"
"Holy Angel's High School, Bengaluru","080-23404465"
"St. Antony's Public School, Dharwad","08151 374079 , 6662548"
"Appa Public School, Kodagu","08472-230255"
"Appollo National Public School, Bengaluru","080-26692847"
"Aradhana Higher Primary School, Chikkamagaluru","08261223466"
"Aradhana School, Bengaluru","080-26585781"
"Ravindra Bharathi Global School, Arakere","080 65596666"
"Army Public School, ASC Centre","080 25550677"
"Army Public School, Kamaraj Road","+91-080-25581238"
"Army Public School, Mekhri Circle","91-80-23431787 / 23433341"
"St. Arnold''s Central School, Mysore","080 0821 2453580 , 6768658"
"Dayananda Arya Vidya Public School, Mysore","044 24530678 , 044-24531454"
"Aryan English Medium School, Gulbarga","0486 08472-270225 , 241465"
"Aryan Presidency School, Bangalore Urban","080 - 23210924, 23391455, 23390343"
"Dayananda Aryavidya Public School, Bangalore Urban","0291 080-26761057 , 2555929"
"Kendriya Vidyalaya, ASC Centre","080-25300408"
"Ashok International Public School, Bangalore Urban","01285 080-23452999 , 01285-235803"
"Asia Pacific World School, Bangalore Rural","+91 80 25506045"
"Education Asia International Residential Karur Public School, Haveri",""
"Education Asia International School, Raichur","08532240453"
"South East Asian International School, Bengaluru","+91-80-25613741/742,25613418"
"St. Francis of Assisi School, Belgaum","08338-272670"
"Athreya Public School, Mandya","08232-223535"
"Assisi Central School, Dakshina Kannada","0824-2202069"
"Atomic Energy Central School, Uttara Kannada","08382 54868 , 54857"
"Atomic Energy Central School, Mysore","0821 2402257 , 2469630"
"Atreya Vidyaniketan, Bangalore Urban","0712 08023190295 , 530681/9902251956"
"St. Dominic's School, Attibele","080 27821841, 27800272"
"Auden Institute of Education, Bengaluru","080-26721901, 080-26727745"
"Sri Aurobindo Memorial School, Bangalore Urban","080 6716666 , 6717777 09241743252"
"Auxilium School, Bengaluru","080-28473594, 080-28472364"
"Sree Ayyappa Education Centre, Bangalore Urban","080 28341634 , 28382299"
"B.P. Indian Public School, Bengaluru","080-23347314, 080-23448888"
"S.S.B. International School, Bangalore Urban","080 4152 3548"
"B B U L Jain Vidyalaya, Bangalore Urban","080 41554379 , 6522936 26764887"
"B.M. English School, Bengaluru","080-65357156, 080-28459301"
"B E L School, Bangalore Urban","080 22195682 , 8381074"
"Vidyavardhaka Sangha B M Sri Educational Institutions, Mysore","0821 2561267 , 28562544"
"B G S Education Centre, Dakshina Kannada","0493 484749 , 2332088"
"B.M.N. Public School, Bangalore Urban","08065355600"
"Sree Channamallikarjuna C.B.S.E School, Shimoga","01285 0817222758 , 220187"
"B.S. Central School, Bijapur","08356-224199"
"Sri B.V.N. Central Public School, Kolar","08284 08153-266224 , 28562544"
"B.R.S Global Center For Excellence, Bangalore Urban","080-25741164"
"B.R.V. Public School, Bangalore Urban","26665374"
"Shri B T Patil Memorial Nandi International Residential School, Bijapur","04931 08355-280002 , 04931270562"
"Sri B. M. Patil Public School, Bijapur","08352263101"
"B S V Public School, Bangalore Urban","0807272256"
"B G S Central School, Shimoga","08282291177"
"St. Theresa Bacq Public School, Bengaluru","080-28445994"
"K R Lakkam Memorial C.b.s.e School, Bagalkot","08350-283790"
"Baden Powell School, Mysore","0484 424779 , 420160 2328942"
"Bhageerathi Bai Narayana Rao Maanay Public School, Bengaluru","080-26714440, 080-26713243"
"Pyari Bai Sampathraj Kothari School, Raichur","08532 223129"
"Bala Yesu Vidyalaya High School, Raichur","08284 08532-240350, 241879 , 28562544"
"Bala Vinayaka Vidyaniketan, Gadag","08372 250074 , 09480343610"
"Baldwin Boys' High School, Bengaluru","080-22213720, 080-49363866"
"Baldwin Girls' High School, Bengaluru","080-22211743, 080-22214125"
"New Baldwin English Primary School, Bengaluru","080-25453799, 080-25457389"
"Baldwin Co-Education Extension High School, Bengaluru","080-28601536"
"New Baldwin International Residential School, Bangalore Urban","080 61774500, 25559145, 25559001, 45544554"
"New Baldwin International Residential School, Bangalore Urban","08025559145"
"New Baldwin School, Bengaluru","080-28444207"
"Balodyana English School, Mysore","0821 567513 , 482107"
"National Public School, Banashankari","080-28611799 / 28612180 080-28612212 / 28612266"
"Deva Matha Central School, Banaswadi","080-65478141, 25458180"
"National Public School, Bandappagarden","080 23474421 , 28562544"
"Jnana Bandhu Vidyalaya, Mandya","9342919320"
"Bangalore Public School, Bengaluru","080-25273660"
"Bangalore International Public School, Bengaluru","080-32505151, 080-26664446"
"Bangalore International School, Bengaluru","080 2846 5060 or 2844 5852,"
"Delhi Public School, Bangalore South","+91-80-2666 8582"
"Delhi Public School, Bangalore East","+91 80 2782 2260/61/63"
"Delhi Public School, Bangalore North","+91.80 2847 8043"
"Sri Sri Ravishankar Vidya Mandir, Bangalore East","080 65835859"
"Sri Sri Ravishankar Vidya Mandir, Bangalore North","080-23641305, 23645366"
"Sri Sri Ravishankar Vidya Mandir, Bangalore South","080-32946230"
"Bangalore Scottish School, Bangalore Urban","07272 9341931369 , 07272228928"
"Silicon Valley School, Bannerghatta","080 - 22720810"
"Bhavan-bangalore Press School, Bangalore Urban","080-26705069"
"Ryan International School, Bannerghatta","080-2782 8213, 080-2782 8214"
"Vibgyor High, Bannerghatta Road","080 - 2607 2500"
"Sri Chaitanya Techno School, Bannerghatta","080-64552082"
"Bantwal Raghurama Mukunda Prabhu Centenary Public School, Dakshina Kannada","08255 233973"
"Bapuji Higher Primary English School, Davanagere","08192 220877 , 84322"
"Bapuji International School, Bagalkot","08425-276067"
"Shri Bapuji International School, Belgaum","0831-293999"
"Maganur Basappa Central School, Davanagere","01398 08192 260466 , 01398-250757"
"Sri Basava International School, Davanagere","08189-294988"
"Sri Basava Public School, Bagalkot","9448137918"
"Shree Sadguru Sharan Basaveshwar English Medium School, Bagalkot","08353255888"
"Shree Basaveshwar Public School, Bidar","08481250492"
"Basaveshwara International Public School, Bagalkot","08354-233940"
"Shri Basaveshwar Temple International School, Bijapur","08351-268060"
"Shree Basaveshwara Primary School, Tumkur","0816282411"
"Kendriya Vidyalaya, Cowl Bazaar","08392 - 240837, 240909"
"Presidency School, Belekalli","+91-80-26485648 / 49"
"Green Bell High, Bangalore Urban","080 - 65973295"
"Patel Public School, Bellandur","080-28440553, 080-65580003"
"Narayana E-techno School, Bellandur","080-25747979, 080-25747315"
"Beml Public School, Bangalore Urban","080 25244575/ 25247242 , 5243205"
"St. Benedict's School, Bangalore Urban","08057742523"
"Euro School, Bengaluru East","080-65690960/1/2"
"Bethany High School, Bengaluru","080-25533603"
"MTB Jnana Jyothi Vidyanikethan, Bangalore Urban","08028511890"
"Mandara Jnanadayini School, Shimoga","08182 226608 , 224169"
"Jnanaganga Residential School, Kodagu","08276 277320 , 02938222399"
"Sri Jnanakshi Vidya Niketan, Bangalore Urban","080 28605896 , 08028602750"
"Jnanavahini Residential Vidyasamsthe, Raichur","7259020339"
"Jnanodaya School, Bangalore Urban","080 6500524 , 6671311"
"St. John's School, Bengaluru","080-22331313"
"St. John's School, Davanagere","08537-258628"
"St. Joseph's School, Shimoga","0839 08312404040 , 6637959"
"JSS Public School, Hassan","07182 230899, 09 , 07182-236457"
"JSS Public School, Bellary","011 08399 241122 , 011-20052515"
"JSS Public School, Kolar","08151 33101 , 6662548"
"JSS Public School, Dharwad","0482 0836 2774486 , 01242379991"
"Vidya Jyothi School, Kolar","08152-290746"
"Jyothy Kendriya Vidyalaya, Bangalore Urban","2632 1237 / 2632 1932"
"Jyothi Nivas School, Mandya","09845277992, 09480382798"
"M.k. Shetty School, Dakshina Kannada","08258237663"
"SMT. Kamalabai M. Nirani Residential School, Bagalkot","08350246101"
"Kalpavruksha Model School, Belgaum","0161 08288236889 , 23805387"
"Kanachur Public School, Dakshina Kannada","0824 2202982"
"Kanva Public School, Bengaluru","080-27700275"
"Karnataka Public School, Bidar","0848 225769 , 226078"
"Presidency School, Kasturinagar","080- 42052428 / 25425597"
"Karnataka Public School, Bangalore Urban","080 32972780 , 28562544"
"Katherine Public School, Bangalore Urban","08028467040"
"Kautilya Vidyalaya, Mysore","0821-2901444"
"Kenbridge School, Gulbarga","08472231447"
"Sri Satyasai Loka Seva Vidya Kendra, Dakshina Kannada","08255 52272 , 3335557"
"Sri Satyasai Vidya Kendra, Kolar","080 23540854 , 84322"
"Sri Sai Saraswathi Vidya Kendra, Mysore","00821 598668 , 60319"
"Maruthi Vidya Kendra, Tumkur","0816 2272175 , 2283464"
"Rashtrotthana Vidya Kendra, Dharwad","0836 5560529 , 033-2542-2472"
"Rashtrothana Vidya Kendra, Bangalore Urban","080 28465972 , 08182-240223"
"Navodaya Kishore Kendra, Bangalore Urban","080 23457629 , 28382755"
"Rashtrotthana Vidya Kendra, Bangalore Urban","08032217291"
"Rashtrotthana Vidya Kendra, Bellary","08397-238354"
"Rashtrotthana Vidya Kendra, Davanagere","08192-258255"
"Sri Vidyamanya Vidya Kendra, Bangalore Urban","08023246188"
"Kendriya Vidyalaya, Sadashivnagar","080-23602491"
"Kendriya Vidyalaya, Malleswaram","080-23341454"
"Kendriya Vidyalaya, Bidar","08482 26327 , 26327"
"Kendriya Vidyalaya, Chikkamagaluru","08263 254185 , 255199, 8762278845"
"Kendriya Vidyalaya, Belgaum","0831 562316 , 474827"
"Kendriya Vidyalaya, Yeshwanthpur","080-23371316"
"Kendriya Vidyalaya, Kolar","08153 63269 , 63281 3413860"
"Kendriya Vidyalaya, Yelahanka","080 - 28478744, 28478899"
"Kendriya Vidyalaya, RWF","080-28460979, 28460557"
"Kendriya Vidyalaya, Gulbarga","08472 222838 , 223838"
"Kendriya Vidyalaya, Dharwad","0836 2440110 , 2468165"
"Kendriya Vidyalaya, Hassan","08172 67581 , 40909"
"Kendriya Vidyalaya, Tumkur","0816 271966 , 362919"
"Kendriya Vidyalaya, Mysore","0821 473515 , 450693"
"Kendriya Vidyalaya, Sevashrama","080 3357282 , 3357282"
"Kendriya Vidyalaya, Uttara Kannada","08382 233113 , 233115 362919"
"Kendriya Vidyalaya, Bijapur","08352 270370"
"Kendriya Vidyalaya, Raichur","080 26345959 , 26644686"
"Kendriya Vidyalaya, Kodagu","08272 224200"
"Kendriya Vidyalaya, Bagalkot","08354 200704 , 26644686"
"Kendriya Vidyalaya, Shimoga","08182 295700 , 09241743252"
"Kendriya Vidyalaya, Koppal","08539 230006 , 09448435109"
"Kendriya Vidyalaya, Krishnarajapuram","080-25616000, 22871498"
"Loyola Kendriya Vidyalaya, Uttara Kannada","08301-222459"
"Kendriya Vidyalaya, Davanagere","08192 297111"
"Mahesh Memorial Kendriyala Vidyashala, Bangalore Urban","23457339"
"National Public School, Kengeri","+91 080 28488856 / 57"
"Kle Society's School, Bangalore Urban","08022730704"
"Kensuri School, Bangalore Urban","080 23533528 , 23533528"
"Kne Public School, Bangalore Urban","080 080-25262783 , 28562544"
"KLE Mahadevappanna Munavalli School, Belgaum","08332-229504"
"National Public School, Koramangala","080 - 25705171, 25705172"
"Kroot Memorial School, Bengaluru","080-27900192, 080-27932993"
"Sri Kumaran Public School, Bengaluru","080-22538105, 080-65839370"
"Lake Montfort School, Bangalore Urban","080 8472666 , 08134-251795"
"Kuvempu Vidyaniketan, Chikmagalur","0862-224284, 0862-224285"
"Lakeview Public School, Bangalore Urban","080 65600736"
"Sri Lakshmi Venkateshwara Public School, Mysore","0821-2340004"
"Presidency School, Nandini Layout","080 – 23493291 / 23496742"
"Sri Lakshmi Public School, Bangalore Urban","08284 08022729446 , 28562544"
"Mysore West Lions Sevaniketan School, Mysore","0821 511254 , 511638"
"Mount Litera Zee School, Mysore","0821 2971010"
"Mount Litera Zee School, Bangalore Urban","08065468741"
"SamataLok Shikshan Samiti, Gulbarga","08472 273069"
"Martin Luther Public School, Bangalore Urban","01498 08026729030 , 01462-225545"
"Lorven Public School, Bengaluru","080-2783370, 080-7835431"
"M.S.V Public School, Bangalore Urban","08027628797 , 09731388288"
"R. M. Shah Public School, Bijapur","08359-225114"
"S. S. M. Public School, Bengaluru","080-28378130"
"Mahabodhi School, Mysore","0821 2341603 , 2758565"
"Mahajana Public School, Mysore","0821 2412524 , 27189357"
"SMT Pushpa Shamanur Mahalingappa Residential School, Davanagere","06344 08192-264696 , 261345"
"Mahalingpur Public School, Bagalkot","08350-203333"
"Maharishi Public School, Mysore","0821 484949 , 483492"
"Maharishi Vidya Mandir, Chikkamagaluru","08262 224063 , 602322"
"Mahatma Vidyalaya, Bengaluru",""
"Mahila Seva Samaja, Bangalore Urban","08026673391 , 2758565"
"Maitry Vidya Niketan, Bangalore Urban","080 3211364 , 6637959"
"Malanadu Vidya Samasthe (r), Chikkamagaluru","01262 08261691949 , 9416338657"
"Manasa Vidyalaya, Chamarajanagar","9740662455"
"Manasarowar Pushkarini Vidyashrama, Mysore","0821 2512665 , 410578 2513200"
"Sri Sri Ravishankar Vidya Mandir, Udupi","08258-280606"
"Sri Sri Ravishanakr Vidya Mandir, Dakshina Kannada","09343356548"
"Vidya Mandir School, Gulbarga","01262 08441 -276153, 206070 , 09448830433"
"Sharda Vidya Mandira, Bangalore Urban","080 28451608"
"Mangalore One School, Dakshina Kannada","997258100"
"The Manik Public School, Bidar","08483 203257 , 70061 270061"
"Manipal School, Dakshina Kannada","08244252305"
"Manipal Sharada Public School, Mysore","01262 0821-2903031 , 09611423554"
"Vagdevi Vilas School, Marathahalli","080-6560 5850 / 2849 5850 / 2849 5851"
"Maruthi Vidyalaya, Bengaluru","080-25603711, 080-25603721"
"Maruthi Public School, Tumkur","0816 2200988 , 2200050 564016526"
"Shree Maruthi Residential School., Uttara Kannada","08387-268544"
"St. Mary's Public School, Bangalore Urban","+91 80 2220 2854"
"St. Marys School, Tumkur","080 08162283520 , 28562544"
"Maxwell Public School, Bengaluru","080-25450822, 080-25452859"
"Sharath Memorial School, Bangalore Rural","080-27274758"
"Milind Public School, Bangalore Urban","080 23287943 , 215560"
"Rashtriya Military School, Bangalore Urban","080 25554972 , 08025573500"
"Rashtriya Military School, Belgaum","0831 2407530 , 2407527"
"New Millennium School, Bengaluru","080-65989755, 080-28445812"
"Shri Shankaraling Model School, Belgaum","09449201632"
"OM National Public School, Haveri","08373260590 , 2758565"
"National Public School, Yelahanka","+91 80 2846 2222"
"Prakruti National School, Udupi","08258266137"
"National Public School, Yeshwanthpur","+91 80 23571220 / 23571221/ 23577220"
"Sree Natraja Public School, Mysore","0821 2435450 , 09893085038"
"Navaprajna Public School, Bangalore Urban","080 - 28524406 , 09731388288"
"Nazareth School, Chikmagalur","08263-216226"
"Nazareth School, Bengaluru","09242641178"
"Nehru Smarka Vidyalaya, Bangalore Urban","080 26649311 , 26634130 2283464"
"Nethaji Public School, Hassan","08172 260918 , 08172-269068"
"New Shams School, Uttara Kannada","9296200448, 9731751287"
"Vidya Niketan School, Bengaluru","080-23620454, 080-23531340"
"Shanti Niketan Public School, Bellary","08394-265887"
"Sri Vidya Niketan Public School, Koppal","08533-276688, 276788"
"Sharda Vidya Niketan Public School, Bangalore Urban","080 5771422 , 9424960913"
"Sri Sai Shiksha Niketan School, Tumkur","0816-2255666"
"Sharada Vidya Nikethan Public School, Dakshina Kannada","0824-2280330"
"Sri Sharada Vidya Niketana, Bangalore Urban","080 26664619"
"Sri Nirvanaswamy Public School, Bangalore Urban","080 - 27504494"
"St. Nobert School, Chikkamagaluru","08284 08265 223375, 223475 , 28562544"
"Nishara Public School, Dakshina Kannada","9845042360"
"Novle School, Kolar","08155 289354 , 0821-2411004"
"Outreach School, Bengaluru","080-41506103, 080-41633655"
"The Orchids Public School, Mysore","0821 2518697"
"The Oxford Senior Secondary School, Bangalore Urban","080 30410512 , 6552501 08028436936"
"Oxford Public School, Bengaluru","09945622240"
"Royal Palace School, Bagalkot","08353 224165,224164 , 8050373172"
"St. Vincent Pallotti School, Bengaluru","080-25603768, 080-49535226"
"Patel Public School, Bengaluru","080-25450466"
"Shakuntala Patil Residential School, Bidar","0483 270377"
"Sri Veerendra Patil Public School, Gulbarga","08475 273203 , 28562544"
"St.paul's School, Bangalore Urban","08023287415"
"Peace Public School, Dakshina Kannada","08242469796"
"Vasavi Vidya Peetha, Bangalore Rural","080-7745910"
"St. Peter's School, Bengaluru","080-65688671, 080-65688671"
"Phoenix Public Residential School, Belgaum","0831-4203021"
"Police Public School, Mysore","080 23433341 , 08212459900"
"Poornachandra Public School, Hassan","08176255088"
"Poorna Smrithi Public School, Bangalore Urban","080 23540854 , 84322"
"Pragathi... The School, Bangalore Urban","64501902"
"Prasanna Residential School, Dakshina Kannada","0480 08256236808 , 871689"
"Prem Seva Vidyalaya, Kolar","08152-210487, 08152-291164"
"Prerana Public School, Bijapur","080 08352261260 , 6637959"
"Presentation Public School, Mysore","08284 0821 3208099 , 28562544"
"The Presidency Public School, Tumkur","08135-277961, 08135-235366"
"Presidency School, Dakshina Kannada","0824-2272405"
"Presidency School, Singanayakanahalli","080 - 30932100 / 30932101"
"Prestige Primary School, Dakshina Kannada","08242415485"
"St. Thomas Public School, Bengaluru","080-25282890"
"Pristine Public School, Bangalore Urban","080 25219961 , 265077"
"Vidyaniketan Public School, Udupi","0820-2552253, 0820-2579216"
"Sri Vani Public School, Bengaluru","080-23322239, 080-23328801"
"Rashtreeya Vidyalaya Public School, Bengaluru","080-26569588"
"Vidyodaya Public School, Udupi","0820-2531021, 0820-252055"
"Vidyanidhi Public School, Chikkaballapur","08155-285444, 08155-286685"
"Seshadripuram Public School, Bengaluru","080-22955376, 080-22955384"
"The Regency Public School, Bengaluru","080-23642370, 080-64502511"
"Sapthagiri Public School, Koppal","08533-271113"
"Vijayashree Public School, Bengaluru","080-28399899"
"Santhome Public School, Mandya","08232-219124, 08232-220200"
"Vinayaka Public School, Bengaluru","080-28478544, 080-32484050"
"Triveni Public School, Bengaluru","080-23721148, 080-28397648"
"Rainbow Residential Public School, Haveri","08453005046, 08453005045"
"Vidyanjali Public School, Uttara Kannada","08385-222207"
"Vidyaniketan Public School, Bangalore Urban","080 3211364 , 6637959"
"Sri Siddharoodh Public School, Bidar","08482 235012 , 9886945919"
"Shree Ram Public School, Bangalore Urban","080 55386480"
"S R Public School, Udupi","07109 282592 , 0431-2434552"
"Shanthiniketan Public School, Bangalore Urban","08284 080-7270363 , 28562544"
"Supreme Public School, Mysore","0354 08212546190 , 2344548"
"Sri Sharada Public School, Kolar","08284 08150-213596 , 28562544, 3262499"
"Sri Sanjeev Public School, Raichur","08284 08537 258222 , 28562544"
"Sharada Public School, Bijapur","01262 08352-208089 , 9416338657"
"Whitefield Public School, Bangalore Urban","01262 080266717139 , 9416338657"
"Sri Rajarajeshwari Public School, Tumkur","0141 2785487"
"Shantiniketan Public School, Belgaum","08336223551"
"Srikari Public School, Bellary","08394-320491"
"Talent Public School, Mysore","08222-250030"
"Sri Rajarajeshwari Public School, Bangalore Urban","9844600781"
"Siddartha Public School, Bangalore Urban","08042042509"
"Sjsbv Trust Public School, Bidar","9242622212"
"SJBSS Public School, Bangalore Rural","08023 322455, 329634"
"Sharada Vidyalaya Public School, Bengaluru","080-32543101, 080-23724211"
"Vidya Soudha Public School, Bengaluru","918028393344, 08028391219"
"Shri Vivekananda Public School, Hassan","9481543795, 9964830044"
"Radhakrishna Public School, Shimoga","08183-236228"
"Pupil Tree School, Bellary","08392-651433, 288003"
"Rukmini Pusalkar Vidyalaya, Shimoga","08184 - 267207"
"Sri R.V. School, Kolar","08152-222971"
"Sri Rajeshwari Vidayaniketan, Gadag","08372 89057 , 89457 89157"
"Radcliffe School, Bangalore Urban","080-40969219"
"Sree Rama Vidyalaya, Bengaluru","080-64501589, 080-64501588"
"Sri Rama Vidyalaya, Bangalore Urban","080 3637720 , 044-24531454"
"Sharada Residential School, Udupi","0820-2523129, 0820-2534991"
"Sjm Residential School, Chitradurga","0491 08194-220044 , 644862"
"St.thomas Residential School, Udupi","080 08254-251444 , 020-25511001"
"Sandur Residential School, Bellary","08395-260246, 08395-260196"
"Rishi Sanskruti Vidya, Bangalore Urban","080 7571325 , 04602"
"Sahyadri School, Shimoga","08181-228810"
"T V S School, Tumkur","0816 280531 , 280525"
"Sainik School, Kodagu","08276 278961"
"Sainik School, Bijapur","08352 51338 , 51301"
"Vokkaligara Sangha School, Chikkamagaluru","080-08263-221573, 28562544"
"The Valley School, Bangalore Rural","080-28435240, 080-28435241"
"Twinklers School, Bengaluru","080-26646779, 080-28433129"
"St. Theresa's School, Dakshina Kannada","0824-2214278"
"Swargarani School, Bengaluru","080-28616826, 080-28616115"
"School Vivekananda, Bengaluru","9900049196, 9900049195"
"Sri Vishweshwaraiah School, Bellary","08392-245345, 08392-245641"
"Shantiniketan Trust School, Bengaluru","080-26484762, 080-26484164"
"Silicon Valley School, Bengaluru","080-23637260, 09343469226"
"Sri Taralabalu School, Davanagere","08192-222270, 08192-220017"
"Vidya Vahini School, Bangalore Urban","080 55330222 , 56991291 55330223"
"Vidyadayini School, Davanagere","08192 243700 , 241508"
"Xavier School, Raichur","08538-221856,221857"
"Vagdevi Vilas School, Varthur","0493 08028495850 , 2332088"
"Shastry School, Mysore","08284 09986042582 , 28562544"
"The Smart School, Bangalore Urban","08022739252"
"Sri Taralbalu School, Haveri","08376-283512"
"The Yenepoya School, Dakshina Kannada","0824- 2241864"
"Anmol Public School, Davanagere","0819 2264655"
"Sri Sai Angels School, Chikkamagaluru",""
"Ankur Primary School, Kodagu","08272 - 263634"
"St. Anne's School, Bagalkot","08354-233328"
"St. ANN's High School, Bengaluru","080-23352659"
"St. ANN's School, Chikkaballapur","08155-292673, 08155-285735"
"BGS International Residential School, Bangalore Urban","080 28437582 , 8437582 9886500211"
"Bethesda International School, Bengaluru","080-28484090, 080-28488606"
"The Frank Anthony Public School, Bengaluru","080-25540973"
"BGS Public School, Bangalore Urban","0474 080-65901710 , 0484 6520135"
"BGS National Public School, Bangalore Urban","080-26484933"
"BGS Central School, Uttara Kannada","08386 269538 , 28562544"
"BGS Model Public School, Mandya","+91 9342671526"
"Shree Bharathi Vidyalaya, Bengaluru","080-23112134"
"Seva Bharathi English Medium Higher Primary School, Chamarajanagar","08226 - 222394"
"Ravindra Bharathi Global School, Marathahalli","080 65593333"
"Ravindra Bharathi Global School, Horamavu","080 60660888,080 60660999"
"Vidya Bharati English Medium Primary School, Raichur","08532-220262"
"Bharatiya Vidya Bhavan Dr.d.krishnamurthy & Smt. D.shakuntalamma Memorial School, Shimoga","08182 241241,242242"
"Bhartiya Vidya Bhawan Kodagu Vidyalaya, Kodagu","08272 225920 , 224629 09424260389"
"Ravindra Bharathi Global School, HSR Layout","080 65313333"
"Bheema Universal Central School, Bijapur","08488-200711"
"Bhubana Jyothi Residential School, Dakshina Kannada","263789"
"K L E Society's Smt. Chandrakala Bhimarao Ranamode School, Belgaum","0612 08289-285855 , 2683934"
"Bhoomi Public School, Tumkur",""
"Vagdevi Vilas School, Bidadi","95120 08027201039"
"Bishop Cotton Girls' School, Bengaluru","080-22210268, 080-22213083"
"Sri Bhuvandendra Residential School, Udupi","08258 735078 , 717487"
"Bishop Cotton Boys' School, Bengaluru","080-22213608, 080-22213835"
"K E Boards Higher Pri School, Dharwad","0836-2440674"
"Cantonment Board Eng Midium School, Belgaum",""
"Bishop Sargant School, Tumkur","0816-2252092"
"S.r. Bommai Rotary Public School, Dharwad","08284 0836 - 2228254 , 28562544"
"Don Bosco School, Chitradurga","08194-234804, 08194-234656, 08194-235995"
"Don Bosco School, Udupi","08254275120"
"The Brigade School, JP Nagar","0183 41301390"
"The Brigade School, Mahadevapura","080-41158829"
"St. Joseph's Boys High School, Bengaluru","080-22214416, 080-22106706"
"The Brigade School, Malleswaram","080- 41411581"
"Bright Public School, Dakshina Kannada","080 25480545"
"Brooklyn National Public School, Bengaluru","9902044120, 08023103211"
"Vibgyor High, BTM layout","080 - 3374 3000"
"Brilliant National School, Bangalore Urban","09845019858"
"M.C.S Public School, Chamarajanagar","0120 08226-223248 , 01202753444"
"M.E.C. Public School, Bangalore Urban","65607020"
"C.T.E Societys International Public School, Belgaum","08338272537"
"California Public School, Bengaluru","080-23488623"
"Cambridge School, Bengaluru","080-25612067, 080-25618600"
"S. Cadambi Vidya Kendra English Sec. School, Bengaluru","080-23226019"
"Cambridge Public School, Bengaluru","080-22589283, 080-22589281"
"The New Cambridge English School, Bengaluru","080-23301404-99, 080-23301578"
"Cambridge Public School, H.S.R Extension","+91-80- 25723839, 25727335, 25727336, 25729395"
"Cambridge Public School, Bengaluru","080-41279300, 080-41570040"
"Cambridge International Public School, Shimoga","08182 249657 , 28562544"
"Cambridge Public School, Bangalore Urban","080 27255445 , 27253179"
"Cambridge Public School, Ranebennur","08373 268999"
"Cambridge School, Dakshina Kannada","0824 645184 , 362919"
"Canadian International School, Bangalore Urban","+91 80 4249 4444"
"New Cambridge International Public School, Bangalore Urban","080 23493096"
"Kendriya Vidyalaya, NAL Campus","080-25275473"
"Canara School(cbse Curriculum), Dakshina Kannada","(0824) 2496214"
"Candor International School, HSR Layout","+91-80-3085 2888, +91-80-3085 2999, +91-94832 99999"
"Canadian International School, Bangalore Urban","+91 80 4249 4444"
"Candor International School, Hullahalli","+91-80-3085 2888, +91-80-3085 2999, +91-94832 99999"
"Capitol Public School, Bangalore Urban","08134 080-26851104 , 08134-251795"
"Carmel School, Bengaluru","080-26691040, 080-26790932"
"Carmel High School, Bengaluru","080-23227015"
"Mount Carmel Central School, Dakshina Kannada","080 0824-2214030 , 2341787"
"Carmel Convent School, Bengaluru","080-28439551"
"Mount Carmel School, Uttara Kannada","08383295222"
"Carmel School, Dakshina Kannada","009108242424429"
"Flos Carmeli Convent School, Mysore","0821-2491006, 0821-2491002"
"Carmel School, Dakshina Kannada","08258-238842"
"The Cathedral High School, Bengaluru","080-25574819, 080-25572656"
"KLS Cbse School, Belgaum","08312405536"
"Vidya Vardhaka Sangha Gandhi Centenary English Primary School, Bangalore Urban","080 23378717"
"Green Park Central School, Udupi","0820-2542404"
"Cauvery Public School, Mandya","08232-219135, 08232-219136"
"Trinity Central School, Udupi","0820-2572525"
"St. Joseph's Central School, Mysore","0821 303945 , 451258"
"Sri Venu Central School, Kolar","08157-245265, 09972328125"
"R.V.S.R. Central School, Koppal","08533-283127, 08533-283128"
"I T I Central School, Bangalore Urban","2503867"
"Kalpataru Central School, Tumkur","08134 253504 , 09008647062"
"Sri Taralabalu Central School, Davanagere","08192 220117 , 28562544"
"Love Dale Central School, Belgaum","0751 4081717 , 0751-4033202"
"Lourdes Central School, Dakshina Kannada","0824 2223366 , 5273081 35524"
"R L Jallapa Central School, Kolar","08152 221577 , 223155 222637"
"Shri Manjunatheshwara Central School, Dharwad","0836 2462005 , 2461184"
"Green Valley Central School, Mandya","263789"
"Jnana Ganga Central School, Dakshina Kannada","08257-271533"
"Thyagaraju Central School, Bangalore Urban","080 08113-321666 , 28562544"
"Ganga Central School, Chitradurga","09242646813"
"Shree Skanda Central School, Bangalore Urban","080 08332-229504 , 28562544"
"Shaikh Central School, Belgaum","080 0831 - 2471287, 2470486 , 28562544"
"Deva Matha Central School, Vidyaranyapura","080 -23643752, 65478145"
"S V Central School, Bangalore Urban","08022792456, 5386486"
"Kumadvathi Residential Central School, Shimoga","08187-222067"
"Sanmarg Central School, Bangalore Urban","0744 080-65711122 , 440303"
"Prarthana Central School, Bangalore Urban","08026790625"
"Metropolitan Central School, Bangalore Urban","08022263022"
"Kairalee Nilayam Central School, Bangalore Urban","08025238102"
"J.S.S Shri Manjunatheshwara Central School, Dharwad","2205055"
"Sri Taralabalu Central School, Davanagere","08189 293555"
"Margadarshan Central School, Bagalkot","9980098555"
"Maharshi Valmiki Central School, Mandya","00971 08232219740 , 2281041"
"M.P.E. Society Central School, Uttara Kannada","08387-220293"
"Nittur Central School, Haveri","0873 - 290616"
"Central School For Tibetans, Uttara Kannada","08301 45728 , 45728"
"Central School For Tibetans, Mysore","08225 23241 , 45728"
"Central School For Tibetans, Mysore","08222 246030 , 08222246030"
"Good Shepherd Central School, Belgaum","08312447774"
"Central School For Tibetans, Mysore","08223 54053 , 53168"
"J K Memorial Central School, Tumkur","08138-232757"
"Sai Nalanda Central School, Mysore","08223293599"
"Rainbow Central School, Belgaum","08331-252334 (09880509322)"
"Joshi's Central Public School, Belgaum","0831-2467018"
"St. Josephs Central School, Mysore","01498 231231 , 01462-225545"
"Central School F Tibetans, Mysore","08223 54436 , 53168"
"St. Rosollos Central School, Mysore","08212364706"
"Prajna Central School, Chikmagalur","08267-214248"
"Navodaya Central School, Raichur","08532-223368"
"Soundarya Central School, Bangalore Urban","080-28391115"
"Vivekananda Educational Centre, Bengaluru","080-26633167, 080-41211099"
"Sri Vani Education Centre, Bangalore Urban","080-23238608, 080-23228078"
"Srivani Education Centre School, Bangalore Urban","0486 716115 , 241465"
"National Centre For Excellence, Bangalore Urban","0361-08025344939, 03776266558"
"Navkis Education Centre, Bangalore Urban","080 23456663 , 23450777080"
"Maharishi Centre For Excellence, Bangalore Urban","080 27303624"
"Navkis Educational Centre, Mysore","+91 80 23456663, 23450812"
"Sri K.K. Education Centre, Bangalore Urban","080 080-22928776 , 28562544"
"Jet Rural Education Centre, Chitradurga","08193259937"
"Sri Chaitanya Techno School, Seethappa Garden","080-65685615, 080-65685616"
"Sri Chaitanya Techno School, Maruthi Layout","080-64552081"
"Sri Chaitanya Techno School, Munnekolala","08064552082/84"
"Sri Chaitanya Techno School, Tumkur","9663733995"
"Sri Chaitanya Techno School, JP Nagar","09663833997"
"Sri Chaitanya Techno School, Nagavara","080-65469740"
"Sri Chaitanya Techno School, KR Puram","080-65469742"
"Sri Chaitanya Techno School, Seshadripuram","080-9243681097"
"Sri Chaitanya Techno School, Nagarbhavi","080-9243689247"
"School Chandan, Gadag","08487-273160"
"Smt. Leelavati R. Charantimath Public School, Dharwad","0836 2743302"
"Kittur Rani Channamma Residential Sainik School For Girls, Belgaum","08288286237"
"St. Charles High School, Bangalore Rural","080 25421900"
"St. Charles High School, Bengaluru","080-25421900, 080-25451149"
"Chandrakant Patil Eng Med School, Gulbarga","08472 247946, , 47772 08472-247789"
"National Public School, Chikkabanavara","08028391155"
"Vinay Chikkatti School, Gadag","08372218838, +919448007467"
"Navy Children School, Uttara Kannada","08362 231326 , 08861757525"
"Chinmaya Vidyalaya, Bengaluru","080-25538341, 080-25525287"
"Sos Tibetan Childrens Village, Mysore","08223 54447 , 74937 74937"
"Chinmaya Vidyalaya, Mandya","08232 291234"
"Chinmaya English Primary School, Dharwad","08284 0836-2353351 , 28562544"
"Chitrakoota School, Bangalore Urban","080-23145266"
"Christ School, Bengaluru","080-26684053"
"Christ School, Udupi","08284 08202575566, 08202570443 , 28562544"
"Christ International School, Kolar","08151-238778, 08151-238779"
"Christ School, Hassan","08284 08172 245225 , 28562544"
"Chrysalis High, Bengaluru",""
"Sai City International School, Bangalore Urban","9243602463"
"Christ Public School, Mysore","+91 821 2598202"
"Citizen's Public School, Mysore","0821 226106 , 341480"
"Global City International School, Bangalore Urban","8025349188"
"Vibgyor High, Electronic City","080 - 3328 0500"
"CKS English School, Hassan","0120 08172232732 , 2758565"
"Global City International School, Bangalore Urban","+91 80 25349199"
"Clarence Public School, Bengaluru","080-26584245, 080-26494420"
"Cluny Convent High School, Bengaluru","080-23346536"
"Clarence High School, Bengaluru","080-46334633, 080-46334634"
"Kendriya Vidyalaya, DRDO Complex","+91 080 25243919"
"Cmr National Public School, Bangalore Urban","080 25440693, 25440854 , 5440854 25459595"
"Daffodils Concept School, Raichur","08535-200238"
"Race Concept School, Raichur","08532240884"
"Sandur Res. Composite JR College, Bellary","08395 60246 , 60319"
"Royale Concorde International School, Kalyan Nagar,","080 2543 5454/55, 080 2543 5458/59"
"Royale Concorde International School, Yelahanka","080 29720700, 09620007615, 09620007613"
"Gurukul Concept School, Bellary","0839 2656594 , 6637959"
"St. Mary's Convent School, Bengaluru","080-25781059"
"V.E.S. Model Convent, Bengaluru","080-28434407, 080-28430305"
"St. Theresa Convent School, Belgaum","01975 08333 263522"
"Concorde International School, Mandya","9482430093"
"Sacred Heart Convent School, Udupi","0460 08254-259206,206206 , 0460 2204166"
"Coorg Public School, Kodagu","08274-247011, 08274-247881"
"Green Country Public School, Bengaluru","080-23534259, 080-23432549"
"Holy Cross School, Bangalore Urban","08284 080-28454604 , 28562544"
"Kendriya Vidyalaya, CRPF","080-28567017"
"Daffodils English School, Bengaluru","080-23418188, 080-32483095"
"Notre Dame School, Mysore","0821-2402856"
"Daffodils School of Education, Bijapur","08352 276965 , 276159"
"Guru Darshan Public School, Bangalore Urban","080-26589300"
"St. Mary's Public School, Dasarahalli","080-28392711, 22791074"
"Sri Dattagiri Maharaj Public School, Bidar","08482 229840"
"DAV Public School, Gulbarga","08476 62314 , 62684"
"Dayananda Sagar International School, Bengaluru","080-26662226, 26665463, 2769-42161769"
"Deccan International School, Bangalore Urban","080-26393704"
"St. Francis De Sales Public School, Bengaluru","080-27831451, 09481402204"
"Deepalaya School, Bidar","08485-287638"
"Deeskha High School, Bangalore Urban","080-27837111"
"Delhi Public School, Dakshina Kannada","0824 -2884792/2884780/224781"
"De Paul Public School, Mysore","08212904796"
"Delhi Public School, Bangalore Urban","08032213049"
"Delhi Public School, Mysore","+91-821-2471002, 2471003, +91-821-2471004"
"Demonstration School, Mysore","0821 512570 , 412651"
"Vimal V Deshpande School of Excellence, Uttara Kannada","08284 221300 , 28562544"
"SMT Shantabai Deshpande Public School, Belgaum","08289289222"
"Dev-in National School, Bangalore Urban","08023535678"
"Sri Devaraj Urs Internatonal Residential School, Bangalore Urban","080 7670521 , 0807626801"
"Guru Nanak Dev Public School, Bidar","08482 223883 , 228273"
"Shree Dhanraj Phoolchand Hindi High School, Bengaluru","080-25548780"
"Shri Dharmasthala Manjunatheshwara English Medium School, Dakshina Kannada","01681 08256-236488 , 22273"
"Shanti Dhama English Higher Primary School, Bengaluru","080-23484244, 080-23286867"
"Diana Public School, Bangalore Urban","0471 08028444469 , 4552909"
"Sri Puranmal Shrenikraj Dhoka Jain School, Gulbarga","08473 651106 , 3391"
"Dnyan Prabodhan Mandir, Belgaum","0831-6512280, 0831-6512281"
"Divine English School, Bengaluru","080-41273278, 080-23379188"
"Dolphin's Public School, Kolar","08158 254549"
"Sri Sathya Sai Divya Jyothi Vidya Kendra, Chikkamagaluru","08265245524"
"Kendriya Vidyalaya, Donimalai","08395-274604"
"St. Dominic's School, Bengaluru","080-26394233"
"DR.M.ramanna Shetty Memorial English Medium High School, Dakshina Kannada","080 0824-- 2296252 , 6637959"
"SMT. Drakshayani Kalyanshettar Public School, Dharwad","01493 0836-2355203 , 519757-59"
"MC' Nay Doon's Public School, Bengaluru","080-23639735"
"R.T.N.E.T. Public School, Bengaluru","080-22796660, 080-28468533"
"N.E.T. Public School, Bengaluru","080-65905978, 080-65761345"
"K L E English Medium School, Belgaum","080 222860, 222660 , 84322"
"K L E Society's English Medium School, Haveri","08375 236915"
"Dream World School, Bellary","08392 254052 , 257183"
"J E T School, Bangalore Urban","08110 26323953 , 7840863"
"K L E's International School, Belgaum","0839 08312404040 , 6637959"
"K.L.E Society's Primary School, Gadag","08372 - 232615"
"M.E.S. School, Chikkamagaluru","08263221300"
"S.V.E.I.school, Mysore","05722 0821-2598122 , 231751"
"P.E.S. Public School, Shimoga","08182 640818, 640800"
"M.E.S English School, Bangalore Urban","080-32532969"
"K.L.E. Societys School, Belgaum","08394 08338- 254984 , 656593"
"K L E Society's M.r. Sakhare English Medium Shcool., Dharwad","080 2372080 , 2377256 28562544"
"K.l.e. Society's English Medium School, Dharwad","080 0836-2335055 , 28562544"
"K L E Societys School, Bangalore Urban","080 23429807 , 23315293"
"Narayana E-techno School, Marathahalli","080-28476662"
"Narayana E-techno School, Nagarbhavi",""
"K.l.e. Society's School, Belgaum","08330223566"
"Narayana E-techno School, RT Nagar","080-42287328"
"Narayana E-techno School, Koramangala","080-25525656"
"Narayana E-techno School, Kaggadaspura",""
"Narayana E-techno School, Vidyaranyapura","8722260955"
"Narayana E-techno School, Mandur","080-28470684"
"K.l.e School, Dharwad","(0836) 2441971"
"Narayana E-techno School, Bellary","08392-258849,"
"Narayana E-techno School, Yelchanahalli","080-26861144"
"M. E. S. Kishore Kendra Public School, Bengaluru","080-23641567, 080-23641565"
"The Eastwood High School, Bengaluru","080-25363923"
"The Great Eastern International Public School, Bangalore Urban","08023286732"
"Narayana E-techno School, Ramamurthy Nagar","080-65354525/24"
"Ebenezer International School, Bangalore Urban","080-27848222, 080-27848223"
"SJES Education Institution, Bangalore Urban","080-6568 4768 2561 1169, 3290 1997"
"Edify School, Bangalore Urban","08028432644"
"Ekya School, Bangalore Urban","080 65971312"
"Ekya School, Bengaluru","080-26588585, 080-65391166"
"Parivarthan Elite English Medium School, Dharwad","08370283504, 08370283502"
"Ellen School, Mandya","080 08234-286417 , 0807626801"
"Laxmidevamma Kavalappa Reddy Eng Med Higher Primary School, Mandya","01275 05946 -234634"
"St. Paul's English School, Bengaluru","080-26582710, 080-26584619"
"St. Mira's English School, Bengaluru","080-23158522, 080-23305757"
"Embassy Public School, Bengaluru","080-23580252, 080-23580253"
"New Public English School, Bengaluru","080-23351087, 080-23400488"
"Jyothi English Medium School, Kolar","08154-290584"
"St. Philomena's English Primary School, Bengaluru","080-23456443, 080-41636086"
"Miranda English Medium School, Bengaluru","080-25281760, 080-25253284"
"The Oxford English School, Bangalore Urban","080-30410501, 080-30410508"
"St. Flowers English Medium School, Bengaluru","080-23409832, 080-23409884"
"St. Philomena's English School, Bengaluru","080-27805482"
"Parivarthan Gurukul Heritage English Medium School, Dharwad","09902263922, 09908849422"
"Martin Luther English School, Bengaluru","080-26729030, 080-26420970"
"Kenneth George English School, Bengaluru","080-23533329"
"Green Valley English School, Bengaluru","080-65834403, 080-65834404"
"Shri Mahavir Residential English Medium School, Belgaum","08331 225730 , 45730 225252"
"Nightingales English School, Bengaluru","080-26482213"
"SMT P S Shivashankarappa English Medium Res, Davanagere","08192 84423 , 84422 84322"
"S M S English Medium School, Udupi","0820 2560193 , 2562693"
"Lady Vailankanni English School, Bengaluru","080-28538201, 080-25969179"
"M.H.national Public English School, Bangalore Urban","080-27276346, 27274253"
"Vishwa Vinayaka National English Medium School, Udupi","08284 08537 258222 , 28562544"
"Saint Paul's English School, Koppal","09448777864"
"Vishwachetana Vidyaniketana Residential English Medium High School, Davanagere","08192-294626"
"Shivshankar Jolle English Medium Public School, Belgaum","08338-276164"
"K J Somaiya English Medium School, Bagalkot","0835 260138"
"S V Sunrise English Primary School, Bangalore Urban","080-23203954"
"St. Mary's English Medium School, Udupi","0820-2524455"
"St Thomas English Medium Higher Primary School, Mysore","0821 481932 , 480523"
"Sri Kalora Lingeshwar English Medium School, Bidar","08483270015"
"Mket's Lakshmanrao Kriloskar English Medium School, Davanagere","08192 272730 , 240486"
"Nitk English Medium School, Dakshina Kannada","08284 (0284)2474850 , 28562544"
"S. S. (k) Patil English Medium School, Belgaum","08333273501"
"Green Valley English School, Bangalore Urban","08065834404"
"Vidyavardhaka English Medium School, Udupi","0820 2576978"
"Sri M.y.ghorpade English Medium Higher Primary School, Bellary","08397-238668"
"Sri K. V. English School, Kolar","08156-263070, 08156-309582"
"Eshwar Vidyalaya, Mysore","09845088466"
"St Peter English Medium School, Belgaum","040 08331257344 , 140117081"
"Euro School, Yelahanka","080-22796282"
"M G School For Excellence, Bengaluru","080-26485985, 080-65628565"
"Excel Public School, Mysore","0821-4002288"
"Hongirana School of Excellence, Shimoga","08183 295640"
"Euro School, Hesaraghatta","08065000604"
"Viveka School of Excellence, Mysore","08228263981"
"Vydehi School Of Excellence, Bangalore Urban","8032420204"
"Gnan Srishti School Of Excellence, Bengaluru","080-22582002, 080-22581845"
"S. F. S. Primary School, Koppal","08539225026, 08539225027"
"Excellent Public School, Bagalkot","08350240111"
"Federal Public School, Bengaluru","080-28567277, 080-28567909"
"Little Flower Public School, Bangalore Urban","080-26421964, 080-26422696"
"Florence Public School, Bengaluru","080-23531747, 080-23333938"
"Sri Renuka Fondation School, Gulbarga","08470290098"
"Sri Renuka Foundation School, Belgaum","08330277720"
"St. Francis School, Koramangala","+91-80-25531076, +91-80-25500123"
"St. Francis Icse School, Chamarajanagar","08226-224715"
"St. Francis School, Mysore","0821 2598608"
"St. Francis Xavier Girls' High School, Bengaluru","080-25368222"
"St. Francis School, Hongasandra","080-25731347"
"Frank Public School, Bangalore Urban","080-26644696"
"Fusco's School, Bengaluru","080-25211025"
"Freedom International School, Bangalore Urban","25729825 / 25729826 / 32002581"
"K.V.G International Public School, Dakshina Kannada","08257 231100 , 230148"
"S G International Public School, Bangalore Urban","080 23497428 , 23497019 011-27452444"
"S. G. M. Public School, Bengaluru","080-25905944, 9036722282"
"G M Vidyanikethan Public School, Udupi","+91 820 2590399"
"Gadag Public School, Gadag","08372-23007, 218033"
"Mahatma Gandhi Public School, Belgaum","9449518906"
"Rajiv Gandhi Vidyalaya, Dharwad","0836-2747763"
"Mundlur Gangappa Memorial School, Bellary","0821 08392230115 , 28562544"
"Gangothri International Public School, Bangalore Urban","08284 080-23584897 , 28562544, 22748183"
"Ganga International School, Bengaluru","080-28397029, 080-22757943"
"Jaigopal Garodia Rashtrotthana Vidya Kendra, Bangalore Urban","01559 08025665133 , 222292"
"M.r. Ganiger International Public School, Bagalkot","9611588369"
"Gear Innovative International School, Bangalore Urban","080 28440919 , 28439349"
"Geetanjali Vidyalaya, Bangalore Urban","09180 25272351 , 25272357"
"Gem International Residential School, Chikkaballapur","08155 289752/53"
"St. Germain High School, Bengaluru","080-25511353"
"Geetanjali Lower Primary School, Bangalore Urban","08065475559"
"General Thimmaiah Public School, Kodagu","08272-224830"
"Sacred Heart Girls' High School, Bengaluru","080-22211237"
"Sandur Girls Residential School, Bellary","08394-244146"
"Shri Ghanamatheshwar International Public School, Bijapur","9448237435"
"Mark Global School, Bangalore Urban","0816 2243678 , 2243769"
"Whitefield Global School, Bangalore Urban","080 28453443"
"Gitanjali International School, Bangalore Urban","+91 80 25272357"
"Knc Innovative Global School, Mysore","08212402929"
"Ideal Global School, Bidar","0341 08481-252099 , 03412515679"
"Gnana Jyothi School, Kolar","09242613860, 09449218508"
"Spurthy Global School, Bengaluru",""
"Jain Global School, Kolar","08153-290100"
"Gnyana Sudha Vidyalaya, Bidar","+91-8482-228816"
"Gopalan International School, Bengaluru","080-40936034, 080-42184340"
"Gopalan National School, Bengaluru","080-41554091, 080-655995703"
"Gnanodaya Public School, Mandya","08236-292692, 08236-292694"
"National Public School, Gottigere","080- 40250582, 080- 40250584"
"Gr International School, Bangalore Urban","08028427442"
"Prakriya Green Wisdom School, Bangalore Urban","080-28440925, 080-65636391"
"Greencity International School, Kolar","9448789080, 9482766608"
"Thaiba Greenways School, Davanagere","09980858246"
"Greenwood High, Bangalore Urban","080-27822888, 080-27802658"
"Guru Nanak Public School, Bidar","08482 25282 , 27921"
"Nalanda Gurukul International, Mysore","9379866800"
"Gurukul Public School, Udupi","082 54262827 , 01824-221624"
"Nalanda Gurukula International, Mysore","08223-258253"
"Gurukula International School, Hassan","08174 320510"
"New Horizon Gurukul, Bangalore Urban","08025639720"
"Shri Jagadguru Gurusiddheswar Kannada Primary School, Bagalkot","08357-250029"
"The J.H.S. School, Bangalore Urban","080-26696161"
"H.M.R. International School, Bangalore Urban","08025435599, 25436699"
"Sri Sai Gurukula Residendial School, Davanagere","08188-252948"
"Hal Public School, Bangalore Urban","080 25220762 , 080-25228817"
"Vibgyor High, Haralur Road","080 - 45314444"
"Hari Vidyalaya, Mysore","08284 0821-2598935 , 28562544"
"Harsha International Public School, Bangalore Urban","08028023507"
"Harvest International School, Bangalore Urban","9686199415"
"Hassan Public School, Hassan","08172-231222"
"Harward International School, Bangalore Urban","08284 080 - 23713436 , 28562544"
"JSS Public School, HBR Layout","080-25437788"
"Vibgyor High, Hennur","080 6900 1959"
"Sindhi High School, Hebbal","080-23621393/4"
"Jain Heritage School, Belgaum","08312483025"
"Jain Heritage School, Bangalore Urban","08027577201 , 9451645456,921127241"
"Sophia High School, Bengaluru","080-22266825"
"Tunbridge High School, Bengaluru","080-25582813, 080-25321785"
"St. Michael's High School, Bengaluru","080-28465281, 080-65972990"
"St. John's High School, Bengaluru","080-25361456, 080-25544477"
"Lowry Memorial High School, Bengaluru","080-28510069, 080-28517987"
"Lawrence High School, Bengaluru","080-25722777, 09845760764"
"Vibgyor High, Marathahalli","080 - 4277 7000, 080 - 3372 5600"
"Holy Saint High School, Bengaluru","080-26766903, 080-26769484"
"Mount Senoria School, Bengaluru","080-23720500"
"Mountain View Public School, Chikkamagaluru","08262223140"
"Mysore Public School, Mysore","0821-2597917, 0821-2597957"
"R. T. Nagar Public School, Bengaluru","080-23542040, 080-23535282"
"R.N.S. Vidyaniketan, Bengaluru","080-23397666, 080-23398922"
"Nagarjuna Vidyaniketan, Bangalore Urban","080 8564004 , 8561886 8460888,+919632734433"
"Shree Nandi Residential Public School, Bellary","08393-263099, 08393-213966"
"Nandy School, Bellary","08392 40201 , 40095"
"Nandini Vidyanikethana, Bangalore Rural","080-27668811, 080-27665427"
"National Residential School, Shimoga","08181-796344, 08185-551102"
"Sarvodaya National Public School, Bengaluru","080-23303772, 080-2350790"
"National Public School, Haveri","08284 08373-261182 , 28562544"
"National Public School, Bengaluru","080-7801684"
"National Public School, Shimoga","8182-223225, 640099"
"National Public School, Purandarapura","+91-080-23350361/23156772"
"Tattva School, Bangalore Urban","080-33627052"
"Treamis World School, Bangalore Urban","080 27803006, 27839651"
"Shriniketana School, Uttara Kannada","0712 08384-223011 , 33663"
"Trio World School, Bangalore Urban","+91-80-40611222"
"Swamy Vivekananda Vidyaniketana School, Bangalore Urban","080-7820777"
"Sri Siddaganga School, Davanagere","08192 232816"
"Shantha Vidyaniketan, Chikkaballapur","7259233555"
"Sharada Vidyalaya, Dakshina Kannada","0824 492628 , 493089 215560"
"Shikshkarnicentralschool, Mysore","0821-4288023"
"Vasavadatta Vidya Vihar, Gulbarga","08441 76005 , 76389"
"The Summit, Chikkamagaluru","08262 210300"
"Vasavi Vidayalaya, Shimoga","08182223979"
"Shubhodaya Vidyalaya, Dakshina Kannada","01975 0824-2262115"
"Vishwa Vidyapeeth, Bengaluru","23095606, 9845053065"
"Yashasvi Vidyanikethan, Bangalore Urban","080-32326330"
"Sindhi High School, Bangalore Urban","+91-80-22261509 | +91-80-22282161"
"Sri Lakshmi Janardhan High School, Udupi","08258 274555 , 274666 285127"
"Pavithra High School, Bangalore Urban","080 28389377 , 23571265 020-25511001"
"Shiksha Sagar High School, Bangalore Urban","080 - 23410467"
"Saandipini High Tech School, Bangalore Urban","080 57676427"
"Vibgyor High, Kadugodi","080 - 3374 3300"
"Sherwood High, Bengaluru","08028429731"
"K.M.V.red Hills High School, Bangalore Urban","080-65470080"
"Vibgyor High, Horamavu","080- 33206100"
"Vibgyor High, Jakkur","080 - 3315 9400"
"Holy Shephard Higher Primary School, Bidar","01262 08482240080 , 9416338657"
"Vibgyor High, Yelahanka","080 69001953"
"National Hill View Public School, Bangalore Urban","8602487 , 5454215"
"Sri Siddaganga Higher Primary School, Bangalore Urban","080 23397600 , 9886945919"
"HMS Public School, Tumkur","0816 2214304, 2214309, 2214313"
"HKS International School, Hassan","08172-240180"
"Holy Spirit School, Bengaluru","080-26493037"
"Presidency School, HMT Layout","080-42351167/68 / 23335860"
"New Horizon Public School, Bangalore Urban","080-25261021"
"Kendriya Vidyalaya, Hospet","08394 739587, 08394-259587"
"Innisfree House School, Bangalore Urban","080-26597110, 080-26596005"
"JSS Public School, HSR Layout","+91-80-22970133; Principal: +91-80-22970108"
"Treamis World School, Hulimangala","+91 (80) 2783 9653/52"
"India International School, Bangalore Urban","+91 8028439001/002"
"National Public School, HSR Layout","080 - 2572 9406 / 08 / 10"
"Mary Immaculate School, Bengaluru","080-22237022"
"Indian Public School, Bangalore Urban","01681 080-25283886 , 22273"
"Little Rock Indian School, Udupi","0820 2561199 , 62400 2561188"
"Little Star's Indian School, Dakshina Kannada","08258-237900"
"Indian International School, Chitradurga","08194235252"
"St.lawrence Indian School, Dakshina Kannada","(0824) 2297455"
"National Public School, Indira Nagar","091-080-25280611, 25275665"
"New Indus Valley Residential School, Bengaluru","080-64541682, 080-65703784"
"Indus International School, Bangalore Urban",""
"Indus International School, Bangalore Urban","+91-80-30895900 / +91-80-22895900 & 917"
"Ryan International School, Bengaluru","080-28525439, 080-28475080"
"Jnanasarovara International Residential School, Mysore","0821-2479814, 0821-2479813"
"Swaminarayan International School, Bangalore Urban","080-32985000, 080-28437261"
"Ryan International School, Yelahanka","080-65709795, 080-65709796"
"Varin International Residential School, Tumkur","0816-6532327, 0816-2299500"
"Venus International Public School, Bengaluru","080-65354403, 09880003920"
"Infant Jesus School, Chikmagalur","08262-224231"
"St. Mary's International School, Chikkamagaluru","+91 8262-228402, 228403"
"Jubilee International Public School, Bengaluru","080-23182191"
"Sidhartha International School, Bengaluru","080-69571922"
"Podar International School, Bengaluru","080-32470252, 080-32213149"
"Oakridge International School, Bangalore Urban","080-27804411"
"Jain International Residential School, Bangalore Urban","080 52401 62401 , 62401 2562112"
"Sri Krishna International School, Bengaluru","080-26690799"
"Sanganabasava International Residential School, Bijapur",""
"V S S International Public School, Bangalore Urban","080 28482800"
"Venkat International Public School, Bangalore Urban","080 23502735 , 2339294"
"Vidyavaridhi International School, Tumkur","0484 08133321404 , 02522-230162"
"Shree Sangamanath International Residential School, Bagalkot","080 08350-280145 , 28562544"
"Sadhguru Sainath International School, Bangalore Urban","08064536855"
"Noor International Public School, Bidar","0848 2221297"
"Vyasa International School, Bangalore Urban","080 9972035137, 23454777, 23457793 , 222178, 23451199, 9611144584"
"Sunrise International Residential School, Bangalore Urban","0422 9900971718 , 2245644"
"Patriswamy International Public School, Bidar","080 0842-226004 , 28562544"
"Sri Ranganath International School, Bagalkot","0755 08354201201 , 2620017"
"Sandeepani International Residential School, Chitradurga","080-28486827"
"RMS International School, Bangalore Urban","080-26662190"
"Nitte International School, Bangalore Urban","080 32322014, 080 32322015 Mob : +91-9972375240"
"Rockvalley International School, Kolar","08152 210684"
"S S Kadapatti International Public School, Bagalkot","08351260221"
"Swaminarayan International School, Gulbarga",""
"Sparkles International School, Gulbarga","0847222411, 224411"
"Leaders International School, Kolar","08155 292174"
"Swamy Vivekananda International Public School, Bagalkot","08353-255005"
"Vidya Sanskaar International Public School, Bangalore Urban","080-28536855"
"Prudence International Residential School, Tumkur","0341 08162243726 , 82305"
"Royal International Public School, Bangalore Urban","9343517803"
"Jnanasagara International Public School, Hassan","08176-252077"
"Lord Palace International Public School, Bagalkot","08350-9620935005"
"NPS International School, Mysore","0821-2598832, 2598852, 2598862"
"Saamar International Islamic School, Bangalore Urban","+ 91 80 28443545"
"Oasis International School, Bangalore Urban",""
"Venkat International Pub School, Bangalore Urban","044 22780083 , 04424413203"
"Stonehill International School, Bangalore Urban","+91 8043418300, +91 9008307684 / 8043418318"
"Podar International School, Hassan","08172-245855"
"Sri Vidyalakshmi International Public School, Bangalore Urban","08023486601"
"Nirman International Public School, Bangalore Urban","08023289883"
"J.k.international School, Dharwad","08362353160"
"Vijaya International School, Bagalkot","08350282755"
"Swaminarayan International School, Bangalore Urban","08032985000"
"Vidyabhavan International Public School, Bagalkot","08353221150"
"Nehru International Public School, Bagalkot","08357-250229"
"The Jain International School, Kolar",""
"M.v.j. International School, Bangalore Urban","07492 080 25400295,25400297"
"United International School, Bangalore Rural","9483514744, 9483514755"
"Vagdevi International Residential School, Chitradurga","9980760626"
"V. L. S. International School, Bengaluru","080-23481564, 080-42060445"
"Suguna International School, Kolar","9353046808, 9353046812"
"Vishwajyothi International Public School, Bellary","08396-222154"
"Kunigal Valley International Residential School, Tumkur","08132-292391"
"J.S.S. Public School, Mysore","0821 2548262 , 08212470330"
"J S S Public School, Bangalore Urban","080 22970131 , 6712044 26717637"
"J S S Public School, Mysore","0821 2414691 , 0821-2411004"
"J. Tontadarya Primary School, Gadag","08381262200"
"J S S Pub School, Mysore","0821 2371460 , 9886654926"
"S. J. R. Kengeri Public School, Bengaluru","080-28484675"
"Jagadguru Tontadarya Residential School, Gadag","08371 262695 , 232446"
"Sri Jagadguru Tontadarya Vidyapeeth School, Gadag","08372236933"
"S J R Public School, Bangalore Urban","080 25432147 , 25440357"
"Jai Tulsi Vidya Vihar, Bangalore Urban","080-28437061"
"Jain Public School, Bangalore Urban","(080)7562075"
"Jain Public School, Davanagere","08027577201"
"Jain Public School, Kolar","8553015671"
"Jain Public School, Tumkur","8553015671"
"Shree Mahaveer Jain Vidyalaya, Mysore","08212475247"
"Janadeepa School, Shimoga","08282 292018 , 08182-240223"
"Jain Vidyalaya, Davanagere","08192-232424, 235766"
"Jawahar Navodaya Vidyalaya, Belgaum","08338 83340 , 774710"
"Jawahar Navodaya Vidyalaya, Kolar","08154 56054 , 56054"
"Jawahar Navodaya Vidyalaya, Mandya","08232 36263 , 36020"
"Jawahar Navodaya Vidyalaya, Hassan","08175 265429"
"Jawahar Navodaya Vidyalaya, Shimoga","08182 34250 , 34243 34243"
"Jawahar Navodaya Vidyalaya, Dharwad","0836 778326 , 774710"
"Jawahar Navodaya Vidyalaya, Kodagu","08272 28815 , 25305"
"Jawahar Navodaya Vidyalaya, Bangalore Rural","080 - 27623364"
"Jawahar Navodaya Vidyalaya, Uttara Kannada","08301 43326 , 43640"
"Jawahar Navodaya Vidyalaya, Bijapur","08426 30088 , 30130 30130"
"Jawahar Navodaya Vidyalaya, Chikkamagaluru","08266 50604 , 50744"
"Jawahar Navodaya Vidyalaya, Bidar","08481 50278 , 30130"
"Jawahar Navodaya Vidyalaya, Bellary","08391 69237 , 69237"
"Jawahar Navodaya Vidyalaya, Gulbarga","08479 42051 , 42332"
"Jawahar Navodaya Vidyalaya, Mysore","08226 33306 , 69237"
"Jawahar Navodaya Vidyalaya, Chitradurga","08193 27218 , 43640"
"Jawahar Navodaya Vidyalaya, Koppal","08534 88444 , 88444"
"Jawahar Navodaya Vidyalaya, Udupi","08253 251260 , 71007 251490"
"Jawahar Navodaya Vidyalaya, Tumkur","0816 63216 , 63316"
"Jawahar Navodaya Vidyalaya, Gadag","08371 42477 , 63316"
"Jawahar Navodaya Vidyalaya, Raichur","08537 80860 , 824679363"
"Jawahar Navodaya Vidyalaya, Bangalore Urban","080-28469055"
"Jawahar Navodaya Vidyalaya, Haveri","0836 873075 , 251490"
"Jawahar Navodaya Vidyalaya, Davanagere","08189-239138 08189-239038"
"Jawahar Navodaya Vidyalaya, Mysore","08189 239138 , 239038"
"Jawahar Navodaya Vidyalaya, Bagalkot","08357 721416 , 824679363"
"Jawahar Navodya Vidyalaya, Dakshina Kannada","08255 261300"
"Jindal Vidya Mandir, Bellary","08395 240374 , 08395-240212"
"Sera-je Secondary School, Mysore","08223 54418 52771 , 52771 52772"
"Jnana Sweekar Public School, Bangalore Urban","06152 080-28427472 , 22458"
"Jnana Vikas National Public School, Bangalore Urban","08284 08027282998 , 28562544"
"Montessori Public School, Raichur","08535220415"
"Police Modern School, Bangalore Urban","080 25506765 , 25503330"
"Jnana Vijnana Vidya Peetha, Bangalore Urban","080 26393682"
"Montfort Vidyasagar, Mandya","08236-257625"
"Sri Mookambika Public School, Udupi","09242646542"
"Mother Teresa School, Bangalore Urban","080 08028380124 , 6637959"