School Name,Phone,Address
"A.S.C. Public School Bangalore, Karnataka","080 - 25550677","Victoria LayoutUlsoor BANGALORE(Dist) Karnataka Pincode - 560007"
"Acharya Pathasala Public School Bangalore, Karnataka","080 - 26621302","Narasimha Raja Colony BANGALORE(Dist) Karnataka Pincode - 560019"
"A.S.C. Public School Bangalore, Karnataka","080 - 25550677","ASC Centere Victoria LayoutAgaram BANGALORE(Dist) Karnataka Pincode - 560007"
"Akhila Public School Bangalore, Karnataka","080 - 23389438","Location-17915th Main 9th CrossR.P.C. LayoutVijay Nagar BANGALORE(Dist) Karnataka Pincode - 560040"
"Alfred Nobel Public School Bangalore, Karnataka","","Mahadeshwara NagarVishwaneedam PostSunkadakatte BANGALORE(Dist) Karnataka Pincode - 560091"
"Alpine Public School Bangalore, Karnataka","080 - 32003949","19/1 Konankunte CrossBikasipura Behind MetroSouth Off Kanakpura Main Road BANGALORE(Dist) Karnataka Pincode - 560062"
"Amar Jyothi Public School Bangalore, Karnataka","080 - 25612555","Basavanapura Main RoadDevasandra KrishnarajapuramNear Ayyappa Temple BANGALORE(Dist) Karnataka Pincode - 560036"
"Amara Jyothi Public School Bangalore, Karnataka","080 - 25612555","Basavanapura Main RoadDevasandraK.R. Puram BANGALORE(Dist) Karnataka Pincode - 560003"
"Angel English Public School Bangalore, Karnataka","080 - 23306496","#7494TH Main 9TH CrossM.C.LayoutVijayanagar BANGALORE(Dist) Karnataka Pincode - 560040"
"Apollo National Public School Bangalore, Karnataka","080 - 26692847","7th Block3rd StageBanashankari BANGALORE(Dist) Karnataka Pincode - 560085"
"Army Public School Bangalore, Karnataka","080 - 25581238","K. Kamaraja RoadSivanchetty Garden PostNear Brigade Towers BANGALORE(Dist) Karnataka Pincode - 560042"
"Asc Public School Bangalore, Karnataka","080 - 25300408","Victoria Command J.C. Nagar BANGALORE(Dist) Karnataka Pincode - 560006"
"Ashok International Public School Bangalore, Karnataka","080 - 23452999","Vsanthappa Main RoadKammagondahalli BANGALORE(Dist) Karnataka Pincode - 830291"
"Athena Public School Bangalore, Karnataka","080 - 26675909","61/35th Main RoadChamarajpet BANGALORE(Dist) Karnataka Pincode - 560018"
"Auden Public School Bangalore, Karnataka","080 - 26721901","#17 GirinagarPhase- II BANGALORE(Dist) Karnataka Pincode - 560085"
"B P Indian Public School Bangalore, Karnataka","080 - 23347314","#64/47 11th Cross5th Main Malleswaram BANGALORE(Dist) Karnataka Pincode - 560003"
"B.G.S. National Public School Bangalore, Karnataka","080 - 26484933","Ramalingeshwara Cave TempleHulimavu Bannerghatta Road BANGALORE(Dist) Karnataka Pincode - 560076"
"B.E.M.L Public School Bangalore, Karnataka","080 - 5230959","Shishya BEML TownshipNew Thippasandra BANGALORE(Dist) Karnataka Pincode - 560075"
"Baden Powell Public School Mysore, Karnataka","0821 - 2420160","Sri Jayachamarajendra Scouts and Guides BhavanBehind D.C Office MYSORE(Dist) Karnataka Pincode - 570005"
"Bangalore International Public School Bangalore, Karnataka","080 - 26664446","#58/2 Subramanyapura Main RoadChikkallasandra BANGALORE(Dist) Karnataka Pincode - 560061"
"Bapuji High School Davangere, Karnataka","08192 - 293610","Kunebelakere DAVANGERE(Dist) Karnataka Pincode - 577601"
"Basava Residential Girls School Bangalore, Karnataka","080 - 65636375","19th K.M. On Mysore RoadDoddabele a Kengeri BANGALORE(Dist) Karnataka Pincode - 560060"
"Bearys Public School Bangalore, Karnataka","0824 - 2457886","Bearys Campus Hat Hill BANGALORE(Dist) Karnataka Pincode - 575006"
"Beersheba Public School Bangalore, Karnataka","080 - 32902507","No.6/1KempapuraNethaji NgrHebbal Kempapura BANGALORE(Dist) Karnataka Pincode - 560045"
"Beml Public School Bangalore, Karnataka","080 - 25230959","Shishya Beml TownshipNew Thipprsandra BANGALORE(Dist) Karnataka Pincode - 560075"
"Bharath International Public School Bangalore, Karnataka","080 - 23396158","1437 2nd CrossChandra LayoutBharathmatha RoadVijaya Nagar BANGALORE(Dist) Karnataka Pincode - 560040"
"Bharathiya Public School Bangalore, Karnataka","080 - 22202023","Bharathiya Public School28 7th CrossVasanth Nagar BANGALORE(Dist) Karnataka Pincode - 560052"
"Blue Bell Public School Bangalore, Karnataka","080 - 65329642","14th CrossHosa RoadCK NagarElectronic City BANGALORE(Dist) Karnataka Pincode - 560100"
"C.N.K. Public School Bangalore, Karnataka","080 - 23549115","Cholanayakanahalli Muneshwara Blockmain Road Near Hebbal FlyoverR.T. Nagar BANGALORE(Dist) Karnataka Pincode - 560032"
"C.M.R. National Public School Bangalore, Karnataka","080 - 25440693","#20792nd Main 3rd Block3rd Stage Hrbr LayoutKalyan Nagar BANGALORE(Dist) Karnataka Pincode - 560084"
"California Public School Bellary, Karnataka","080 - 23488623","134 Vishwabharathi CampusMagadi Road BELLARY(Dist) Karnataka Pincode - 560079"
"Cambridge Public School Bangalore, Karnataka","080 - 25729281","Sarjapur Road4th BlockKoramangala BANGALORE(Dist) Karnataka Pincode - 560034"
"Capitol Public School Bangalore, Karnataka","080 - 26851095","#1 9th CrossR.B.I. Layout7th PhaseJ.P. Nagar BANGALORE(Dist) Karnataka Pincode - 560078"
"Cambridge Public School Bangalore, Karnataka","080 - 25723839","H.S.R. Layout BANGALORE(Dist) Karnataka Pincode - 560034"
"Carmel Garden Public School Bangalore, Karnataka","080 - 25525541","#8 4th AvenueAvenue Teachers ColonyKoramangala BANGALORE(Dist) Karnataka Pincode - 560034"
"Chidartha Public School Bangalore, Karnataka","080 - 23336093","Chowdaiah BlockR.T. Nagar BANGALORE(Dist) Karnataka Pincode - 560032"
"Christ Public School Mysore, Karnataka","0821 - 2598202","BEML 20nd LayoutRajarajeshwari NagarBogadi MYSORE(Dist) Karnataka Pincode - 570026"
"Carmel Public School Bangalore, Karnataka","080 - 26841286","6Near RNS MotorsMuniyappa LayoutGarvebhavi Palya CircleHosur Road BANGALORE(Dist) Karnataka Pincode - 560029"
"Clarence Public School Bangalore, Karnataka","080 - 26584245","Next to Telephone ExchangeIII Phase J.P. Nagar BANGALORE(Dist) Karnataka Pincode - 560078"
"De Paul Public School Mysore, Karnataka","0821 - 2450280","30/1 Sathagalli ExtensionMahadevapur Road MYSORE(Dist) Karnataka Pincode - 570019"
"Dalhousie Public School Bangalore, Karnataka","080 - 23453556","Holiday Home Farm BuildingSingapura VillageVidyaranyapuraDoddabommasandra BANGALORE(Dist) Karnataka Pincode - 560097"
"Delhi Public School Bangalore, Karnataka","080 - 26668582","11 KM Kankapura RoadKonnanakunte Post BANGALORE(Dist) Karnataka Pincode - 560062"
"Delhi Public School Bangalore, Karnataka","080 - 26570314","New #3/2 Al Ameen ApartmentsP T Street Near Vijaya CollegeBasavanagudi BANGALORE(Dist) Karnataka Pincode - 560004"
"Diana Public School Bangalore, Karnataka","080 - 28444469","No 68 Jakkur PostChokkanahalliHegde NagarYelahanka BANGALORE(Dist) Karnataka Pincode - 560064"
"East West Public School Bangalore, Karnataka","080 - 23496950","13th CrossMahalaxmi LayoutWest of Chord Road BANGALORE(Dist) Karnataka Pincode - 560086"
"East West Public School Bangalore, Karnataka","080 - 23321270","IInd StageRajajinagar BANGALORE(Dist) Karnataka Pincode - 560010"
"Eastwest Public School Bangalore, Karnataka","080 - 23496950","M.L.Layout BANGALORE(Dist) Karnataka Pincode - 560086"
"Eben-Ezer Public School Bangalore, Karnataka","080 - 25315882","No.44 Near Railway GateHoramauv Main RoadHoramauv Post BANGALORE(Dist) Karnataka Pincode - 560043"
"Embassy Public School Bangalore, Karnataka","080 - 23580252","Magadi Main Road BANGALORE(Dist) Karnataka Pincode - 560091"
"Federal Public School Bangalore, Karnataka","080 - 66534665S","Opp KNS ENG CollegeTirumenahalliThanisandra MN RDYelahanka BANGALORE(Dist) Karnataka Pincode - 560064"
"Florence Public School Bangalore, Karnataka","3333938","No 6 P&T ColonyRabindranath Tagore Marg BANGALORE(Dist) Karnataka Pincode - 560032"
"General Thimmaiah Public School Kodagu, Karnataka","08272 - 224830","Shree Omkareshwara Temple RoadMadikeri KODAGU(Dist) Karnataka Pincode - 571201"
"Gangothri International Public School Bangalore, Karnataka","080 - 23584897","Rajivgandhi NagarVishwaneedam PostNear Sunkadakatte BANGALORE(Dist) Karnataka Pincode - 560091"
"Gnana Bhaskara Public School Bangalore, Karnataka","","Byrathi Main RoadBileshivaleDodda Gubbi PostKothanur BANGALORE(Dist) Karnataka Pincode - 560077"
"Globe Public School Bangalore, Karnataka","","Shankarappa LayoutKenchenahalliRajarajeshwari Nagar BANGALORE(Dist) Karnataka Pincode - 560098"
"Glitzy Public School Bangalore, Karnataka","080 - 26321867","Annapoorneshwari LayoutChunchughattaNEAR Raghavendra Swamy Temple BANGALORE(Dist) Karnataka Pincode - 560062"
"Golden Gleans Public School Chikballapur, Karnataka","08156 - 275277","Gouribidnur Road M.G. CHIKBALLAPUR(Dist) Karnataka Pincode - 562101"
"Good Hope Education Society Bangalore, Karnataka","080 - 23331008","Chinnappa GardenBenson Town Near Channappa Garden BANGALORE(Dist) Karnataka Pincode - 560046"
"Gnanodaya Public School Mysore, Karnataka","0821 - 4241964","#181-B 5th CrossA Block Bannimantap MYSORE(Dist) Karnataka"
"Good Shepherd Convent Bangalore, Karnataka","080 - 22210534","Brigade Road Opposite St. John's College BANGALORE(Dist) Karnataka Pincode - 560025"
"Goutham Public School Bangalore, Karnataka","080 - 23232244","#173 1St Main RoadKamla NagarBasaveswara BANGALORE(Dist) Karnataka Pincode - 560079"
"Gopalan International School Bangalore, Karnataka","080 - 40936034","Behind SAP LabsSeetharam PalyaBasavanagarHoodi BANGALORE(Dist) Karnataka Pincode - 560048"
"Green Valley Public School Bangalore, Karnataka","080 - 26320293","Chunchaghatta Main RoadKonanakunte Doddakallasandra BANGALORE(Dist) Karnataka Pincode - 560062"
"Harsha International Public School Bangalore, Karnataka","080 - 27723697","No.193/4Harsha Hospital CampusSondekoppa CircleNelamangala BANGALORE(Dist) Karnataka Pincode - 562123"
"Hal Public School Bangalore, Karnataka","080 - 25220762","76 Surendra Das RoadVimanapura Near H.A.L. Hospital BANGALORE(Dist) Karnataka Pincode - 560017"
"Hillside Public School Bangalore, Karnataka","080 - 26789283","No.254/107th Main RoadB.T.M.Layout 2nd Stage BANGALORE(Dist) Karnataka Pincode - 560076"
"Holy Saint Public School Bangalore, Karnataka","080 - 26766903","5th CrossJayanagarIndira Nagar BANGALORE(Dist) Karnataka Pincode - 560038"
"Hegde Nagar Public School Bangalore, Karnataka","","Opp To Police GroundHegde Nagar BANGALORE(Dist) Karnataka Pincode - 560045"
"Hoysala Public School Bangalore, Karnataka","080 - 23587172","SunkadakatteMagadi Road8TH Main Pipe Line RoadMagadi main Road ,vijaynagar BANGALORE(Dist) Karnataka Pincode - 560091"
"Huda Public School Mysore, Karnataka","","No 43 Rigah CampusS.S. NagarBannimantap B. Layout MYSORE(Dist) Karnataka Pincode - 570015"
"J S S Public School Bangalore, Karnataka","080 - 26717522","Banashankari 2nd Stage BANGALORE(Dist) Karnataka Pincode - 560070"
"J.S.S.Public School Bangalore, Karnataka","080 - 22970133","No.4/A Sec 614th CrossH.S.R.Layout BANGALORE(Dist) Karnataka Pincode - 560034"
"J.S.S. Public School Kolar, Karnataka","08151 - 233101","Malur KOLAR(Dist) Karnataka Pincode - 563130"
"Jain Public School Bangalore, Karnataka","08192 - 214016","No. 323 Avaregere VillageBada CrossNear Sree Veereshwara Punyashrama BANGALORE(Dist) Karnataka Pincode - 577001"
"Jalahalli Public School Bangalore, Karnataka","080 - 36748992","No 500/AM.S.R. NagarChikkamarana HalliMathikere BANGALORE(Dist) Karnataka Pincode - 560054"
"Jnana Sweekar Public School Bangalore, Karnataka","080 - 28427472","Thalaghattapura VillageKanakapura Main Road BANGALORE(Dist) Karnataka Pincode - 560062"
"Jnana Vikas Public School Bangalore, Karnataka","080 - 26851212","KothnurShree Krishnanagar8TH PhaseJ.P. Nagar BANGALORE(Dist) Karnataka Pincode - 560078"
"K.V.G. International Public School Mangalore, Karnataka","08257 - 313700","KurunjibhagSullia MANGALORE(Dist) Karnataka Pincode - 574327"
"Kanva Public School Bangalore, Karnataka","080 - 40300200","#861 Kanva Sri Sai ComplexW.O.C RoadModi Hospital RoadRajaji Nagar BANGALORE(Dist) Karnataka Pincode - 560086"
"Kanyakumari Public School Bangalore, Karnataka","","Near Dr. Ambedkar Engineering College60 Feet RoadITI Layout 2ND StageNagarbhavi BANGALORE(Dist) Karnataka Pincode - 560072"
"Karnataka National English School Dharwad, Karnataka","0836 - 2264973","GhantikeriDhavalagiriHubli DHARWAD(Dist) Karnataka Pincode - 580002"
"Khalsa Public School Bangalore, Karnataka","080 - 25534492","76 Hours Main RoadMadiwala BANGALORE(Dist) Karnataka Pincode - 560068"
"Leads Public School Mysore, Karnataka","0821 - 2470611","Raghavendra ColonySiddarthanagar MYSORE(Dist) Karnataka Pincode - 570011"
"Little Flower Public School Bangalore, Karnataka","080-26421964","Shop #1 100 Feet Ring RoadHosakerehalliBanashankari 3rd Stage BANGALORE(Dist) Karnataka Pincode - 560085"
"Little Lillies School Bangalore, Karnataka","080 - 23289859","Shop No. 912Near B.D.A.Complex80ft Ring RoadNagarabhavi BANGALORE(Dist) Karnataka"
"Lorven Public School Bangalore, Karnataka","080 - 27831666","Chandapura 84/1 Anekal Road BANGALORE(Dist) Karnataka Pincode - 560081"
"M.E.C. Public School Bangalore, Karnataka","080 - 28561501","SFS No.173&174 4TH PhaseOpp. mother dairyYelahanka New Town BANGALORE(Dist) Karnataka Pincode - 560064"
"M.E.S. Kishore Kendra Public School Bangalore, Karnataka","080 - 65348764","Malleshwaram BANGALORE(Dist) Karnataka Pincode - 560097"
"M.S.V. Public School Bangalore, Karnataka","080 - 27628797","Nelamangala RoadDoddaballapur BANGALORE(Dist) Karnataka Pincode - 561203"
"Mahajana Public School Mysore, Karnataka","0821 - 2412524","Jayalakshmipuram Main Road MYSORE(Dist) Karnataka Pincode - 570012"
"Maharshi Public School Mysore, Karnataka","0821 - 2484946","38/B II StageIndustrial SuburbVishveshwaranagar MYSORE(Dist) Karnataka Pincode - 570008"
"Manipal Sharada Public School Mysore, Karnataka","0821 - 2903031","T.P Kailasam RoadRajarajeshwari nagar MYSORE(Dist) Karnataka Pincode - 570022"
"Martin Luther Public School Bangalore, Karnataka","","15th Main RoadNagendra BlockGirinagarBanashankari 3rd Stage BANGALORE(Dist) Karnataka Pincode - 560050"
"Metro Public School Bangalore, Karnataka","080 - 25473181","3RD Block Hrbr LayoutKammanahalli BANGALORE(Dist) Karnataka Pincode - 560084"
"Milind Public School Bangalore, Karnataka","080 - 23287943","AnjananagarMagadi Main RoadViswaneedam BANGALORE(Dist) Karnataka Pincode - 560091"
"Mysore Public School Mysore, Karnataka","0821 - 2597917","H.D. Kote RoadRayanakere PostVisweswaranagar MYSORE(Dist) Karnataka Pincode - 570008"
"Mill Sid Public School Bangalore, Karnataka","080-26789283","#2/3 7th MainN.S. Palya 2nd StageBTM LayoutSrirampuram BANGALORE(Dist) Karnataka Pincode - 560021"
"Namma Montessori Public Shaale Bangalore, Karnataka","080 - 56968621","Survey No.16Bagalur RoadKannur Post BANGALORE(Dist) Karnataka Pincode - 5621149"
"National Montessori Public School Bangalore, Karnataka","080 - 25280611","12A MainHAL II StageIndiranagar BANGALORE(Dist) Karnataka Pincode - 560038"
"National Hill View Montessori Public School Bangalore, Karnataka","080 - 56680067","Ideal Home TownshipRajarajeshwarinagar BANGALORE(Dist) Karnataka Pincode - 560098"
"National Public English School Bangalore, Karnataka","080 - 23350361","Purandrapur 5Th BlockW O C RoadRajaji Nagar BANGALORE(Dist) Karnataka Pincode - 560010"
"National Public High School Bangalore, Karnataka","080 - 23474421","Banadappa Garden Muthuyalaya NagarNear J.P. Parkmuthyala nagar BANGALORE(Dist) Karnataka Pincode - 560054"
"National Public School Bangalore, Karnataka","080 - 25284666","Indira Nagar100 Feet Ring Road BANGALORE(Dist) Karnataka Pincode - 560038"
"National Public School Koramangala Bangalore, Karnataka","080 - 25715171","Housing ComplexNext National Games Village80ft RoadKoramangala BANGALORE(Dist) Karnataka Pincode - 560034"
"Navjyothi Public School Bangalore, Karnataka","080 - 25661323","130/2 Horamavu RoadRamamurthy NagarDooravani Nagar BANGALORE(Dist) Karnataka Pincode - 560016"
"New Baldwin Public School Bangalore, Karnataka","080-25453799","#24 Ramamurthy NagarMain Road Banaswadi BANGALORE(Dist) Karnataka Pincode - 560043"
"Navodaya Public School Raichur, Karnataka","08532 - 240430","Manikprabhu Temple RoadRaichur RAICHUR(Dist) Karnataka Pincode - 564103"
"New Bishop Cotton Public School Bangalore, Karnataka","","No. 33/44TH Main 8TH CrossSingasandraHosur Road BANGALORE(Dist) Karnataka Pincode - 560068"
"New Cambridge Public School Bangalore, Karnataka","080 - 28462800","Yelankha New Town BANGALORE(Dist) Karnataka Pincode - 560064"
"New Horizon Public School Bangalore, Karnataka","080 - 25261735","100 feet RoadIndiranagar BANGALORE(Dist) Karnataka Pincode - 560008"
"New Indian Public School Bangalore, Karnataka","080 - 23359087","15th Cross Pipelane RoadCholara Palya BANGALORE(Dist) Karnataka Pincode - 560023"
"New Oxford Public School Bangalore, Karnataka","","No.4/1 Madavara PostGangondanahallitumkur roadnelamangala BANGALORE(Dist) Karnataka Pincode - 562123"
"New Public English School Bangalore, Karnataka","080-23351087","9th Cross 23rd MainMagadi Chord RoadVijayanagar BANGALORE(Dist) Karnataka Pincode - 560040"
"New Public High School Bangalore, Karnataka","080 - 2348089","8th Main Sharadha ColonyBasaveshwara Road BANGALORE(Dist) Karnataka Pincode - 560079"
"Omshree Public School Bangalore, Karnataka","080 - 7932142","Ssm LayoutM.V. ExtensionHoskote BANGALORE(Dist) Karnataka Pincode - 562114"
"Orchids Public School Mysore, Karnataka","0821 - 2518697","Swamin Vivekananda RoadI-BlockRamakrishna Nagar MYSORE(Dist) Karnataka Pincode - 570022"
"Oxford Senior Secondary School Bangalore, Karnataka","011 - 45546666","E-BlockVidas Puri BANGALORE(Dist) Karnataka"
"Padmavathi Public School Bangalore, Karnataka","080 - 25531857","1st Main RoadMaruthi NagarMadivala BANGALORE(Dist) Karnataka Pincode - 560068"
"Patel Pre University College Bangalore, Karnataka","080 - 65580003","Kariyammana AgraharaNear Outer Ring RoadBellandur Post BANGALORE(Dist) Karnataka Pincode - 560103"
"Patriswamy International Public School Bidar, Karnataka","0842 - 226004","Aurad BIDAR(Dist) Karnataka Pincode - 585326"
"Patel Public School Bangalore, Karnataka","080-25450466","Opp. Maharashtra Police Academy BANGALORE(Dist) Karnataka Pincode - 560033"
"Phoenix Residential Public School Belgaum, Karnataka","","NH-4 Pune Bangalore RoadHonga BELGAUM(Dist) Karnataka"
"Pragathi Public School Bangalore, Karnataka","080 - 65619955","Doddanakundi Main RoadMarathahalli BANGALORE(Dist) Karnataka Pincode - 560037"
"Police Public School Mysore, Karnataka","0821 - 2459900","Mahadevapura Main RoadOpp. Gandhinagar CemetryMahadevapura Main RoadJalapuri MYSORE(Dist) Karnataka Pincode - 570019"
"Primus Public School Bangalore, Karnataka","080 - 25741450","Post Box No. 21Chikanayakanahalli VillageOff. Sarjapur Road BANGALORE(Dist) Karnataka Pincode - 560035"
"Prince And Public School Bangalore, Karnataka","080 - 65470785","No.96MadehalliVirgonagar BANGALORE(Dist) Karnataka Pincode - 560049"
"Pristine Public School Bangalore, Karnataka","080 - 25215550","No. 3 H-ColonyIndiranagar 1st Stage BANGALORE(Dist) Karnataka Pincode - 560038"
"R.V. Public School Bangalore, Karnataka","080 - 26569588","R.V. RoadVishweshwarapuramNear Lalbahg West Gate BANGALORE(Dist) Karnataka Pincode - 560004"
"R.T. Nagar Public School Bangalore, Karnataka","080-23544979","KanakanagarR.T. Nagar Post BANGALORE(Dist) Karnataka Pincode - 560032"
"Rishi Public School Bangalore, Karnataka","080 - 2381891","Banashankari 3rd Stage BANGALORE(Dist) Karnataka Pincode - 560085"
"S.G. International Public School Bangalore, Karnataka","080 - 23497428","#CA18 Nandhini LayoutSaraswathipuram BANGALORE(Dist) Karnataka Pincode - 560096"
"S.G.M. Public School Bangalore, Karnataka","080 - 25905944","Muneshwara BlockMysore RoadAvalahalliG. E. F. Post BANGALORE(Dist) Karnataka Pincode - 560026"
"S.J.R. Kengeri Public School Bangalore, Karnataka","","Kengeri Satellite Town BANGALORE(Dist) Karnataka Pincode - 560060"
"S.V.E.I. Public School Bangalore, Karnataka","0821 - 2598133","First MainFourth StageVijayanagar BANGALORE(Dist) Karnataka Pincode - 570018"
"S.V.R. Public School Bangalore, Karnataka","080 - 41400067","SamasandrapalyaH.S.R. 2nd Sector BANGALORE(Dist) Karnataka Pincode - 560102"
"Scholars Public School Bangalore, Karnataka","080 - 23643641","4th BlockSri Nidhi LayoutDoddabommasandra BANGALORE(Dist) Karnataka Pincode - 560097"
"Scottish Public School Bangalore, Karnataka","080 - 26700276","No.6 Opp Msil Petrol Pump5TH Cross1ST Main RoadChamarajpet BANGALORE(Dist) Karnataka Pincode - 560018"
"Seshadripuram Public School Bangalore, Karnataka","080 - 22955376","Sy. No. 56 & 58 KaikondrahalliYelahanka New Town BANGALORE(Dist) Karnataka Pincode - 560064"
"Shantha Public School Mysore, Karnataka","","Near Nehru ParkUdayagiri MYSORE(Dist) Karnataka Pincode - 570019"
"Shanthiniketan Public School Bangalore, Karnataka","080 - 26689385","#58III CrossMico layoutBTM II stage BANGALORE(Dist) Karnataka Pincode - 560076"
"Sharada Vidyanikethana Public School Mangalore, Karnataka","0824 - 2280330","Devi NagaraTalapady MANGALORE(Dist) Karnataka Pincode - 575024"
"Sharanabasaveshwar Public School Gulbarga, Karnataka","08472 - 420738","-"
"Sherwood Public School Bangalore, Karnataka","080 - 22238164","New # 30/3-2Adugodi BANGALORE(Dist) Karnataka Pincode - 560030"
"Shree Chaithanya Public School Bangalore, Karnataka","","BidharaguppeHhobliAnekal TalukAttibele BANGALORE(Dist) Karnataka Pincode - 562107"
"Shree Ram Public School Bangalore, Karnataka","080 - 55386480","ChikkabidarakalluNagasandra Post BANGALORE(Dist) Karnataka Pincode - 560073"
"Shreshta Public School Mathikare Bangalore, Karnataka","","M.E.S. RoadBahabalinagarMathikere BANGALORE(Dist) Karnataka Pincode - 560054"
"Shri Guru Harikrishan Public School Bangalore, Karnataka","080 - 25551301","Gurudwara ComplexKensington RoadUlsoor BANGALORE(Dist) Karnataka Pincode - 560008"
"Shrine Public School Bangalore, Karnataka","080 - 28436636","565 BDA LayoutAmruthnagar Main RoadAnjanapuraDoddakallasandra BANGALORE(Dist) Karnataka Pincode - 560062"
"Siddaganga Public School Bangalore, Karnataka","080 - 23397600","1st StageChandra Layout BANGALORE(Dist) Karnataka Pincode - 560040"
"Siddhartha Public School Bangalore, Karnataka","080 - 23336093","#80 Feet Road1st CrossChowdaiah BlockR.T. Nagar BANGALORE(Dist) Karnataka Pincode - 560032"
"Smt. Drakshayani Kalyanshettar Public School Dharwad, Karnataka","","Shakti ColonyNear AdhyapaknagarVidya NagarHubli DHARWAD(Dist) Karnataka Pincode - 580031"
"Silicon City Public School Bangalore, Karnataka","080 - 25219961","No.3/1Masjid E Unmul Hassain ComplexHousing Colony1st Stage Indiranagar BANGALORE(Dist) Karnataka Pincode - 560038"
"Sri B.M. Patil Public School Bijapur, Karnataka","08352 - 262770","Sr. No 142Butanal VillegeSholpur Road BIJAPUR(Dist) Karnataka Pincode - 586103"
"Sri Girimaruthi Makkala Mandira Public School Bangalore, Karnataka","080 - 5944 080","GEF PostGajendra NagarAvalahalliMuneshwara Block BANGALORE(Dist) Karnataka Pincode - 560026"
"Sri Lakshmi International Public School Bangalore, Karnataka","080 - 22739283","No.29 Sriganghada KavalMagadi Main RoadSunkadakatte BANGALORE(Dist) Karnataka Pincode - 560091"
"Sri Kumaran Public School Bangalore, Karnataka","080-26761191","Tata Silk FarmBasavanagudi BANGALORE(Dist) Karnataka Pincode - 560004"
"Sri Sharada Public School Mysore, Karnataka","0821 - 2903031","T.P. Kailasam RoadR.T. NagarRaja Rajeshwari Nagar MYSORE(Dist) Karnataka Pincode - 570022"
"Sri Vani Public School Bangalore, Karnataka","080 - 23322239","1246 II StageRajaji Nagar BANGALORE(Dist) Karnataka Pincode - 560010"
"Srinivasa Vidya Niketan Bangalore, Karnataka","080 - 23405766","8th Cross Agrahara DasarahalliBasaveswara Nagar BANGALORE(Dist) Karnataka Pincode - 560079"
"Srushti Public School Nelamangala Bangalore, Karnataka","080 - 65355600","Near Himalaya DrugAlur RoadMakaliNelamangala BANGALORE(Dist) Karnataka Pincode - 562123"
"St. Antony's Public School Dharwad, Karnataka","0836 - 2374079","Siddeshwar ParkVidyanagarHubli DHARWAD(Dist) Karnataka Pincode - 580031"
"St. Francis De Sales Public School Bangalore, Karnataka","080 - 27831451","HebbagodiElectronics City BANGALORE(Dist) Karnataka Pincode - 560100"
"St. George Public School Bangalore, Karnataka","080 - 25437851","Near Telecom LayoutAshwath NagarThanisandra Main RoadKothanur BANGALORE(Dist) Karnataka Pincode - 560077"
"St. Joseph's Public School Bangalore, Karnataka","080 - 25653300","New # 504Banaswadi BANGALORE(Dist) Karnataka Pincode - 560043"
"St. Martins High School Bangalore, Karnataka","080 - 23101999","Magadi Road BANGALORE(Dist) Karnataka Pincode - 560023"
"St. Mary's Public School Bangalore, Karnataka","080 - 22202854","Padmanabh NagarII Stage BANGALORE(Dist) Karnataka Pincode - 560052"
"St. Philomena Public School Bangalore, Karnataka","080 - 22795725","No 118 Near Doddabyalakre Bus StopDoddabyalakereShivakote PostHesaragatta BANGALORE(Dist) Karnataka Pincode - 560089"
"St. Rocks Girls High School Bangalore, Karnataka","080 - 2555468","3st Francis Xavier Church CmpndCleveland TownFrazer Town BANGALORE(Dist) Karnataka Pincode - 560005"
"St. Stephens Public School Bangalore, Karnataka","080 - 23211813","No.8-9 Udayanagar Ullal RdManganahalliVishwa Vidyalaya BANGALORE(Dist) Karnataka Pincode - 560056"
"St. Theresa Nursery School Bangalore, Karnataka","080 - 23721148","28/29 Hesarghatta Main RoadMallasandra BANGALORE(Dist) Karnataka Pincode - 560057"
"St. Thomas Public School Bangalore, Karnataka","080 - 25282890","#32 Church RoadNew Tippasandra BANGALORE(Dist) Karnataka Pincode - 560075"
"St. Vincent Public School Bangalore, Karnataka","080 - 25282890","Babusaheb PalyaH.B.R. LayoutBanaswadi BANGALORE(Dist) Karnataka Pincode - 560043"
"St. Xaviers School Bangalore, Karnataka","080 - 65688671","BettadasanapuraBegur HobliElectronic City BANGALORE(Dist) Karnataka Pincode - 560100"
"St. Yash Public School Bangalore, Karnataka","080 - 23586884","No.6 Kempegowda NagarMagadi Main RoadByadarahalli New ExtensionViswaneedam BANGALORE(Dist) Karnataka Pincode - 560091"
"Sunshine Public School Bangalore, Karnataka","","Beside My TowersThunganagara Main RoadViswaneedam BANGALORE(Dist) Karnataka Pincode - 560091"
"Superme Public School Bangalore, Karnataka","","CA-25Dattagallilll Stage BANGALORE(Dist) Karnataka Pincode - 560022"
"Suryodaya International Public School Bangalore, Karnataka","080 - 28427407","No. 188DoddakallasandraKanakapura Main RoadUttarahalli BANGALORE(Dist) Karnataka Pincode - 560062"
"Teresa Public School Bangalore, Karnataka","080 - 26482513","Namma HotelBilekenahalli BANGALORE(Dist) Karnataka Pincode - 560068"
"The Cauvery Public School Mandya, Karnataka","","PB No. 47 MANDYA(Dist) Karnataka Pincode - 571401"
"The Frank Anthony Public School Bangalore, Karnataka","080 - 25570970","13 Cambridge RoadHAL 2nd StageUlsoor BANGALORE(Dist) Karnataka Pincode - 56008"
"The Madani Public School Bangalore, Karnataka","0802-5303504","18 Bradshaw st NagarColes Park BANGALORE(Dist) Karnataka Pincode - 560051"
"The Manik Public School Bidar, Karnataka","08483 - 270257","Manik NagarHumnabad BIDAR(Dist) Karnataka Pincode - 585353"
"The New Cambridge Public School Mysore, Karnataka","08222 - 252533","8 Maruthi ExtensionHunsur MYSORE(Dist) Karnataka Pincode - 571105"
"The Presidency Public School Tumkur, Karnataka","08135 - 277961","Gurukula CampusAmarapura RoadSira TUMKUR(Dist) Karnataka Pincode - 572137"
"The Regency Public School Bangalore, Karnataka","080 - 23642370","5/1 A.M.S.ExtensionVidyaranyapura BANGALORE(Dist) Karnataka Pincode - 560097"
"Tippasandra Oxford Public School Bangalore, Karnataka","080 - 25282890","32 Church RoadNew Tippasandra BANGALORE(Dist) Karnataka Pincode - 560075"
"Triveni Public School Bangalore, Karnataka","080 - 23721148","28/29 Hesarghatta Main RoadMallasandra BANGALORE(Dist) Karnataka Pincode - 560057"
"Venkat International Public School Bangalore, Karnataka","080 - 23502735","19/A/1913/2 Kb Temple Street6th Street Rajaji Nagar BANGALORE(Dist) Karnataka Pincode - 560010"
"Venus International Public School Bangalore, Karnataka","080 - 65354403","19/A 19 B/2 K.B. Temple Street6th BlockRajajinagar BANGALORE(Dist) Karnataka Pincode - 560010"
"Vidyaniketan Public High School Bangalore, Karnataka","080 - 23240364","Near To Bangalore University CampusUllal Road CrossUllal Upanagar BANGALORE(Dist) Karnataka Pincode - 560056"
"Vidya Sanskaar International Public School Bangalore, Karnataka","","-"
"Vidyaniketan Public School Bangalore, Karnataka","080 - 23211364","Ullal Road CrossUllal Upanagar BANGALORE(Dist) Karnataka Pincode - 560056"
"Vidyasagar Public School Bangalore, Karnataka","080 - 23395591","50 BCC Layour2nd Stage Vijaya NagarNear Water Tank BANGALORE(Dist) Karnataka Pincode - 560040"
"Vidyanjali Public School Bangalore, Karnataka","080 - 23544891","Cholanayak HalliRt. Nagar BANGALORE(Dist) Karnataka Pincode - 560032"
"Vijayashree Public School Bangalore, Karnataka","080 - 65612169","MallasandraT. DasarahalliHesaraghatta Main RoadOpp. to MEI Layout BANGALORE(Dist) Karnataka Pincode - 560057"
"Vinayaka Public School Bangalore, Karnataka","080 - 28478544","1st MainVinayakanagarBagalur CrossYelahanka BANGALORE(Dist) Karnataka Pincode - 560063"
"Dolphin Play School And Creche Bangalore, Karnataka","25538640","No.526 17th D Main6th Block Koramangala BANGALORE(Dist) Karnataka Pincode - 560034"
"Bright Skills Preschool In Davangere Davangere, Karnataka","9611411971","351/1, 8th Main, 9th CrossBehind Motiveerappa College P J Extension DAVANGERE(Dist) Karnataka Pincode - 577002"
"Gaia Preschool And Child Care Centre, Rt Nagar Bangalore, Karnataka","(080)32405263 , 32405264","-"
"Edunurture Preschool In Koppal Koppal, Karnataka","91-9480151175 , 91-9035075080","MK Edusolutions LLP c/o Satish Reddy1st floor, 3rd CrossB T Patil Nagar KOPPAL(Dist) Karnataka Pincode - 587117"
"Happy Hours Play School Bangalore, Karnataka","080-25533378","546 8th Main 4th BlockKoramangala BANGALORE(Dist) Karnataka Pincode - 560027"
"Jumbo Kids Preschool In Hassan Hassan, Karnataka","98441 53443 , 98440 53555","784, Sri Nanjundeshwara Nilaya5th Cross, K.R.Puram HASSAN(Dist) Karnataka Pincode - 573201"
"Hello Kids Preschool In Koppal Koppal, Karnataka","8147414769 , 9986576162","1st floor, ullati buildingChannamma circle KOPPAL(Dist) Karnataka Pincode - 590001"
"Kangaroo Kids, Indiranagar Bangalore, Karnataka","080 41154678","st Cross Roadindira Nagar BANGALORE(Dist) Karnataka Pincode - 560034"
"Kids Campus Preschool In Davangere Davangere, Karnataka","990378196 , 9008440879","2035/ 214, 12th CrossAnjaneya Badavne DAVANGERE(Dist) Karnataka Pincode - 577004"
"Kara4kidz Bangalore, Karnataka","","4th Main, 6th CrossJayamahal ParkOff Nandidurga Road BANGALORE(Dist) Karnataka Pincode - 560046"
"Kids Campus Preschool In Mysore Mysore, Karnataka","9482808333","813, Gokulam ontour RoadVV Mohala MYSORE(Dist) Karnataka Pincode - 570002"
"Kidzee Wilson Garden Bangalore, Karnataka","080-22113114 , 9886378361","No.467/15,13th Cross, Wilson Garden BANGALORE(Dist) Karnataka Pincode - 560027"
"Little Kidz Preschool In Chitradurga Chitradurga, Karnataka","91-8193-223346","Below Corporation BankVasavi Colonychallakere CHITRADURGA(Dist) Karnataka Pincode - 577522"
"Neev, Indiranagar Bangalore, Karnataka","080 41300836","HAL 2nd Stage Opp. BSNL office BANGALORE(Dist) Karnataka Pincode - 560008"
"Podar Jumbo Kids Preschool In Shimoga Mysore, Karnataka","08182-265991 , 98861 00991 , 97426 66991","‘Zeen Villa’, 2nd Cross, 2nd StageNear Vikasa School, Police ChowkiVinobha Nagar MYSORE(Dist) Karnataka Pincode - 577204"
"Roots To Wings Preschool In Shimoga Mysore, Karnataka","9880368519","60 ft Road, VinobhanagarNear Shaneshwara temple MYSORE(Dist) Karnataka Pincode - 577201"
"Shemrock Sunshine Play School Bangalore, Karnataka","","445/A 18th Main 6th BlockKoramanglaBangalore BANGALORE(Dist) Karnataka Pincode - 560095"
"St Josephs Nursery School In Mysore Mysore, Karnataka","91-(821)-2518450","Temple Roadjayalakshmipuram MYSORE(Dist) Karnataka Pincode - 570012"
"Tinytots Nursery School Bangalore, Karnataka","25531978","443 8th Main 4th BlockKoramangla BANGALORE(Dist) Karnataka Pincode - 560027"
"Treehouse Preschool In Mysore Mysore, Karnataka","9900747210 , 9036027210","No 2629/1, Temple Main RoadVV Mohalla, Opp Police Station MYSORE(Dist) Karnataka Pincode - 570002"
"Vilma Day Care Bangalore, Karnataka","","782 5th Cross4th Block Koramangala BANGALORE(Dist) Karnataka Pincode - 560034"
"Akash International Residential School Bangalore, Karnataka","","Prasannahalli RoadNear Bangalore International AirportDevanahalli Town BANGALORE(Dist) Karnataka"
"Ananth International School Hassan, Karnataka","08174 - 233348","-"
"B.G.S. International Residential School Bangalore, Karnataka","080 - 28437653","NithyanandanagarKengeri HobliGollahalli Post BANGALORE(Dist) Karnataka Pincode - 560060"
"Bangalore International Public School Bangalore, Karnataka","080 - 26664446","#58/2Subramanyapura Main RoadChikkallasandra BANGALORE(Dist) Karnataka Pincode - 560061"
"Ashok Lnternational Public School Bangalore, Karnataka","080 - 23452999","KammagondanahalliJalahalli West BANGALORE(Dist) Karnataka Pincode - 560015"
"Bright Kids International Pre School Bangalore, Karnataka","080 - 26581407","Arake Road2nd Left CrossBehind Matri Pradise FkatsBannerghatta Road BANGALORE(Dist) Karnataka"
"Canadian International School Bangalore, Karnataka","080 - 42494444","4&20 ManchenahalliYelahanka BANGALORE(Dist) Karnataka Pincode - 560064"
"De Paul International Residential School Mandya, Karnataka","0821 - 3290401","BelagolaSrirangapatna Taluk MANDYA(Dist) Karnataka Pincode - 571606"
"Deva Matha Central School Bangalore, Karnataka","080 - 23643752","VidyaranyapuraOpposite Canara BankDoddabommasandra BANGALORE(Dist) Karnataka Pincode - 560097"
"Deccan International School Bangalore, Karnataka","080 - 26393704","PadmanabhanagarChikkalasandraUttarahalli Main Road BANGALORE(Dist) Karnataka Pincode - 560061"
"Ebenezer International School Bangalore, Karnataka","080 - 27848222","Singena Agrahara RoadVia Huskur Road BANGALORE(Dist) Karnataka Pincode - 560099"
"Federal Public School Bangalore, Karnataka","080 - 66534665","No.27 Opp KNS ENG CollegeTirumenahalliThanisandra MN RDYelahanka BANGALORE(Dist) Karnataka Pincode - 560064"
"Ekya School Bangalore, Karnataka","","No.16, 6TH B Main3RD PhaseJ P Nagar BANGALORE(Dist) Karnataka"
"Gangothri International Public School Bangalore, Karnataka","080 - 23584897","Rajivgandhi NagarVishwaneedamNear Sunkadakatte BANGALORE(Dist) Karnataka Pincode - 560091"
"Gear Innovative International School Bangalore, Karnataka","080 - 28440919","No. 175 GEAR RoadDoddakannellioff Sarjapur RoadOuter Ring Road BANGALORE(Dist) Karnataka Pincode - 560035"
"Gem International Residential School Chikballapur, Karnataka","08155 - 289752","BevenhalliT.M. RoadAlipur CHIKBALLAPUR(Dist) Karnataka Pincode - 516224"
"Gitanjali International School Bangalore, Karnataka","080 - 25272357","ChikkasagarahalliOff Nandi Hills RoadNear Bangalore International Airport BANGALORE(Dist) Karnataka Pincode - 562103"
"Gopalan International School Bangalore, Karnataka","080 - 40936034","Behind SAP LabsSeetharam PalyaBasavanagarHoodi BANGALORE(Dist) Karnataka Pincode - 560048"
"Green Valley Educational Institution Mandya, Karnataka","","# 36 Jakkankuppe VillageBelagola HobliHosahalli Post MANDYA(Dist) Karnataka Pincode - 571438"
"Gopalan National School Bangalore, Karnataka","080 - 41554091","No.13Doddenakundi ll PhaseBrookefield Road BANGALORE(Dist) Karnataka Pincode - 560048"
"Greenwood High International School Bangalore, Karnataka","080 - 27822888","No.8-14ChickkawadayarapuraNear HeggondahalliGunjur Post BANGALORE(Dist) Karnataka Pincode - 560087"
"India International School Bangalore, Karnataka","080 - 28439001","Dooravani Nagar PostCarmelram Post BANGALORE(Dist) Karnataka Pincode - 560037"
"Indus International School Bangalore, Karnataka","080 - 22895900","Billapura CrossSarjapur BANGALORE(Dist) Karnataka Pincode - 562125"
"Iti Central School Bangalore, Karnataka","080 - 28503867","Doorvaninagar BANGALORE(Dist) Karnataka Pincode - 560016"
"Jain International Residential School Bangalore, Karnataka","080 - 27577050","Jakkasandra PostKanakapura BANGALORE(Dist) Karnataka Pincode - 562112"
"Jnanasarovara International Residential School Mysore, Karnataka","0821 - 2479814","ParashuramanagaraBhugathahalliBannur Road MYSORE(Dist) Karnataka"
"K.V.G. International Public School Dakshina Kannada, Karnataka","08257 - 313700","KurunjibhagSullia DAKSHINA KANNADA(Dist) Karnataka Pincode - 574327"
"Kara Preschool And Daycare Centres Bangalore, Karnataka","080 - 42017455","Jayamahal ParkNandidurga Road BANGALORE(Dist) Karnataka Pincode - 560046"
"Mallya Aditi International School Bangalore, Karnataka","080 - 40447000","Yelahanka BANGALORE(Dist) Karnataka Pincode - 560064"
"Mastery International School Bangalore, Karnataka","","No.3/1 Near Coca Cola FactorySahakaranagarKodigehalli BANGALORE(Dist) Karnataka Pincode - 560092"
"Oasis International School Bangalore, Karnataka","080 - 28445186","Survey No 90/2KadusomapannahalliBidarahalli BANGALORE(Dist) Karnataka Pincode - 562149"
"Nitte International School Bangalore, Karnataka","080 - 65684111","P.O Box No. 6429#12 MylappaanahalliYelahanka BANGALORE(Dist) Karnataka"
"Optimum International School Bangalore, Karnataka","06272 - 250398","Mir Gheyas ChakMillat CollegeWest Road BANGALORE(Dist) Karnataka Pincode - 560005"
"Podar International School Hassan, Karnataka","08172 - 245855","Near Akashavani Behind Krishna law collegeSalagama Road HASSAN(Dist) Karnataka"
"Podar International School Bangalore, Karnataka","080 - 32470252","No. 3/2 HommadevanhalliBegur HobliBehind T.John College BANGALORE(Dist) Karnataka Pincode - 560083"
"Prayag Montessori Bangalore, Karnataka","080 - 65651066","5th Main RoadOff Inner Ring RoadNear D.G.HopitalPadmanabhanagar BANGALORE(Dist) Karnataka Pincode - 560038"
"Primus Public School Bangalore, Karnataka","080 - 25741450","Post Box No. 21ChikanayakanahalliOff. Sarjapur Road BANGALORE(Dist) Karnataka Pincode - 560035"
"R.M.S. International School Bangalore, Karnataka","080 - 26662190","#18 Srinivasa Industrial EstateKanakapura road BANGALORE(Dist) Karnataka Pincode - 560062"
"Royal Concorde International School Bangalore, Karnataka","080 - 25435454","2nd BlockHRBR Layout6th B MainKalyan Nagar BANGALORE(Dist) Karnataka Pincode - 560043"
"Royale Concorde International School Bangalore, Karnataka","080 - 28461419","No 38Attur BANGALORE(Dist) Karnataka Pincode - 560043"
"Ryan International School Bangalore, Karnataka","","AECS LayoutKundalahalli GateBhd Hindustan Lever LtdMarathahalli Colony BANGALORE(Dist) Karnataka"
"S.E.A. International School Bangalore, Karnataka","080 - 25613741","Ekta NagarBasavanapuraK.R.PuramVirgo Nagar BANGALORE(Dist) Karnataka Pincode - 560049"
"S.G. International Public School Bangalore, Karnataka","080 - 23497428","#CA18 Nandhini LayoutSaraswathipuram BANGALORE(Dist) Karnataka Pincode - 560096"
"Sanganabasava International Residential School Bijapur, Karnataka","8352 - 236180","P.O.box no 24KavalgiBijapur-Gulbarga Road BIJAPUR(Dist) Karnataka Pincode - 586127"
"Shree Swami Narayan Gurukul International Bangalore, Karnataka","","Kumbalgodu BANGALORE(Dist) Karnataka"
"Shri Ranganath International School Bagalkot, Karnataka","8470 - 8147427275","Badami RoadShigikere BAGALKOT(Dist) Karnataka Pincode - 587111"
"Silas International School Udupi, Karnataka","0820 - 2582607","HanumanthanagarPuttur UDUPI(Dist) Karnataka Pincode - 576105"
"Sorsfort International School Bangalore, Karnataka","080 - 65649999","#90 Electronic CityPhase-1Near H.P. OfficeHosur Road BANGALORE(Dist) Karnataka Pincode - 560100"
"South East Asian International School Bangalore, Karnataka","080 - 25613741-42","K.R. PuramHobliVirgo Nagar BANGALORE(Dist) Karnataka Pincode - 560049"
"Srishti International Montessori Play School Bangalore, Karnataka","080 - 28441972","#32 SrishtiKaikondrahalliCarmelaram postSarjapur Road BANGALORE(Dist) Karnataka Pincode - 560035"
"Sri Ranganath International School Bagalkot, Karnataka","08354 - 201201","#54/1Belgaum- Raichur RoadShigikeri BAGALKOT(Dist) Karnataka Pincode - 587111"
"Stonehill International School Bangalore, Karnataka","91 9964985752","No: 259/333/334/335Bettahalsuru VillageJalahobli BANGALORE(Dist) Karnataka Pincode - 56001"
"Suryodaya International Public School Bangalore, Karnataka","080 - 28427407","No. 188DoddakallasandraKanakapura Main RoadUttarahalli BANGALORE(Dist) Karnataka Pincode - 560062"
"Sunrise International Residential School Bangalore, Karnataka","080 - 27833716","Lakshmi NarayanapuraBommasandraBehind APMC MarketAnekal BANGALORE(Dist) Karnataka Pincode - 560099"
"Swaminarayan International School Bangalore, Karnataka","080 - 32985000","KumbalgoduMysore Road BANGALORE(Dist) Karnataka Pincode - 560074"
"The Jain International School Kolar, Karnataka","","G.K.M. ComplexAC Abdul Ali RoadSeshachala Mudaliar Cross RoadBangarpet KOLAR(Dist) Karnataka Pincode - 563114"
"The International School Bangalore, Karnataka","080 - 22634900","N.A.F.L. ValleyWhitefield- Sarjapur RoadNear Dommasandra Circle BANGALORE(Dist) Karnataka Pincode - 562125"
"The Prajna International School Udupi, Karnataka","0824 - 2573016","Near Railway BridgeKunjibettuDoddanagudde UDUPI(Dist) Karnataka Pincode - 576102"
"Tibetan Children's Village School Mysore, Karnataka","08223 - 253464","BylakuppePeriyapatna MYSORE(Dist) Karnataka Pincode - 571104"
"Trio World School Bangalore, Karnataka","080 - 40611222","No. 3/5 Kodigehalli Main RoadSahakar Nagar BANGALORE(Dist) Karnataka Pincode - 560092"
"V.S.S. International Public School Bangalore, Karnataka","080 - 28482800","#78 Mysore Ring RoadNagadevanahalli BANGALORE(Dist) Karnataka Pincode - 560056"
"Vidya Sanskaar International Public School Bangalore, Karnataka","","-"
"Venkat International Public School Bangalore, Karnataka","080 - 23502735","19/A/1913/2 Kb Temple Street6th Street Rajaji Nagar BANGALORE(Dist) Karnataka Pincode - 560010"
"Vidyashilp Academy Bangalore, Karnataka","","42/3ShivanahalliYelahanka BANGALORE(Dist) Karnataka"
"Vidyavaridhi International School Tumkur, Karnataka","08133 - 321404","Suvarnamukhi CampusBallakatteHuliyar TUMKUR(Dist) Karnataka Pincode - 572218"
"Vyasa International School Bangalore, Karnataka","080 - 23451299","Sy.No. 101/2DoddabommasandraB.E.L. North GateVidyaranyapura BANGALORE(Dist) Karnataka Pincode - 560097"
"Wisdom International School Bangalore, Karnataka","080 - 22277510","New # 31 Norris RoadBrigade Road BANGALORE(Dist) Karnataka Pincode - 560025"
"Yashashvi International School Bangalore, Karnataka","080 - 28425474","ThalagatpuraKanakapura Main RoadDoddakallasandra BANGALORE(Dist) Karnataka Pincode - 560062"
"A.E.C.S. Pavan School Kolar, Karnataka","(081) 52222597","Bangalore-Chennai By-Pass Road P.C. Halli Extension Pavan NagarKolar KOLAR(Dist) Karnataka Pincode - 563101"
"A.E.C.S. Ramapriya School Kolar, Karnataka","(08159) 242156, 292241","Bangalore-Chittur Road MulbagalKolar KOLAR(Dist) Karnataka Pincode - 563131"
"Adhyayan Central School Mysore, Karnataka","(0821) 2476147","No.CA 2.Adishakthi RoadShakthi NagarUdayagiri MYSORE(Dist) Karnataka Pincode - 570019"
"Aditya Public School Bangalore Rural, Karnataka","(080) 27622700, (080) 27622700","Mythri Layout Sanjay Nagar Nelamangala Main Road DoddaballapurBangalore Rural BANGALORE RURAL(Dist) Karnataka Pincode - 561203"
"Amrita Vidyalayam Belgaum, Karnataka","(0831) 2443153, 2441284","71/1.Near Bhavani NagarMandoli RoadBelgaum BELGAUM(Dist) Karnataka Pincode - 590008"
"Amrita Vidyalayam Davangere, Karnataka","(08192) 226001","#1179/7Nijalingappa LayoutDavangere DAVANGERE(Dist) Karnataka Pincode - 577004"
"Amrita Vidyalayam Mysore, Karnataka","(0821) 2545985,2341711","114.7th Cross Bogadi II StageMysore MYSORE(Dist) Karnataka Pincode - 570006"
"Anjuman Urdu Primary School Gadag, Karnataka","(08372) 221789","Moulana Azad CampusVivekanand RoadMasari GADAG(Dist) Karnataka Pincode - 582101"
"B. Vasudeva High School Mysore, Karnataka","(0821) 2402738","Near B.E.M.L. FactoryKoorgalliMysore MYSORE(Dist) Karnataka Pincode - 571186"
"Ankita Montessori House Of Children Tumkur, Karnataka","","Ankita Montessori House of Children4th CrossKasturba RoadGandhi Nagar TUMKUR(Dist) Karnataka Pincode - 572102"
"B.G.S. Central School Mysore, Karnataka","(0821) 2463869","Adichunchanagiri Road KuvempunagarMysore MYSORE(Dist) Karnataka Pincode - 570023"
"B.V.B.S. Rajashree Vidya Mandir Gulbarga, Karnataka","(08441) 278221, 278222, 266166","Aditya NagarMalkhed RoadGulbarga GULBARGA(Dist) Karnataka Pincode - 585292"
"B.V.V. Sangma's Basaveshwar Bagalkot, Karnataka","(08354) 251064","BagalkotBagalkot BAGALKOT(Dist) Karnataka Pincode - 587101"
"Bachpan Koppal, Karnataka","9845314013","Plot no.20.PanchayathNo. 33-1-22/33-1-3.Venkateshwara ColonyOdderahattiGangavathi KOPPAL(Dist) Karnataka"
"Balodyana English School Mysore, Karnataka","(080) 2567513, 2567265","No.2807.Opp To Post Office2ND Main RoadJayanagar MYSORE(Dist) Karnataka Pincode - 560011"
"Bapuji High School Davangere, Karnataka","(08192) 293610","KunebelakereDavanagere DAVANGERE(Dist) Karnataka Pincode - 577601"
"Basavananda High School Bagalkot, Karnataka","(08350) 270534","21.Mahlingapur Temple RoadBagalkot BAGALKOT(Dist) Karnataka Pincode - 587312"
"Basaveshwar High School Gadag, Karnataka","(08372) 231937","Siddalinga NagarHudco ColonyGadag GADAG(Dist) Karnataka Pincode - 582103"
"Basel Mission Higher Secondary School Gadag, Karnataka","(08372) 246279","PB RoadGadag BetgeriGadag GADAG(Dist) Karnataka Pincode - 582102"
"Bethany Primary School Chickmagalur, Karnataka","(08263) 215221","BilagulaHesgal Post Mudigere TalukChikmagalur CHICKMAGALUR(Dist) Karnataka Pincode - 577132"
"Bharatesh English Medium School Belgaum, Karnataka","(0831) 2427560","Side BldgP.B. RoadBelgaum BELGAUM(Dist) Karnataka Pincode - 590003"
"Bharathi High School Mandya, Karnataka","(08232) 245773","Bharathi NagarMandya MANDYA(Dist) Karnataka Pincode - 571422"
"Bharathi Higher Primary School Mandya, Karnataka","(08232) 245773","Bharathi NagarMandya MANDYA(Dist) Karnataka Pincode - 571422"
"Bharatiya Vidya Bhawans Rajashree Vidya Mandir Gulbarga, Karnataka","(08472) 266166","Aditya NagarGulbarga GULBARGA(Dist) Karnataka Pincode - 585292"
"Bill Memorial English Medium School Bagalkot, Karnataka","(08350) 280006","H.K. RoadMudholMahalingour BAGALKOT(Dist) Karnataka Pincode - 587312"
"Bishop Sargant School Tumkur, Karnataka","(0816) 252092, 278538","Principal Name: Mrs Princess Franklyn Csivc Campus B H RoadTumkur TUMKUR(Dist) Karnataka Pincode - 572102"
"Bks Vidya Bhavan School Mysore, Karnataka","(0821) 2416106","1st Cross.1st StageVijaya NagarMysore MYSORE(Dist) Karnataka Pincode - 570017"
"Chandrakant Patil English Med. School Gulbarga, Karnataka","(08472) 247946, 247772","Gulbarga GULBARGA(Dist) Karnataka Pincode - 585105"
"Chetana High School Udupi, Karnataka","(0824) 2584227","HungarkattaPost UdupiUdupi UDUPI(Dist) Karnataka Pincode - 576218"
"Chethana Special School Udupi, Karnataka","(08258) 233166","SVT.School RoadUdupi UDUPI(Dist) Karnataka Pincode - 574104"
"Chimes Montessori House Of Childran Bangalore Rural, Karnataka","(080) 41498183, 9663355623","#256/10.6th Cross10th Main1st BlockJayanagar BANGALORE RURAL(Dist) Karnataka"
"Christ King Convent High School Mysore, Karnataka","(0821) 2331595","Jlb RdLakshmipuramMysore MYSORE(Dist) Karnataka Pincode - 570004"
"Christ P.U. College Bagalkot, Karnataka","(080) 65338844, 65338855, 65332843, 65337915, 65337916, 65337917","Mysore RoadKanmanikeBagalkot BAGALKOT(Dist) Karnataka"
"Composite Sports Residential High School Belgaum, Karnataka","(0831) 237345, 237342, 237344","ChandaragiRamdurgBelgaum BELGAUM(Dist) Karnataka Pincode - 591123"
"D.Y. Chougule Bharatesh High School Belgaum, Karnataka","(0831) 2422107","52/A.Old PB RoadBelgaum BELGAUM(Dist) Karnataka Pincode - 590001"
"De Paul International Residential School Mandya, Karnataka","(0821) 3290401","BelagolaSrirangapatna TalukMandya MANDYA(Dist) Karnataka Pincode - 571606"
"Don Bosco English Medium High School Udupi, Karnataka","(0820) 2554168","Nr. Our Lady of Health Church ShirvaUdupi UDUPI(Dist) Karnataka Pincode - 574116"
"Dr. N. Shankara Adyanthaya Memorial English Medium High School Udupi, Karnataka","(08258) 281100, 9900146506","Jnana Meenakshi CampusKemmannu RoadNitte PostKarkala Tq UDUPI(Dist) Karnataka Pincode - 574110"
"G. G Chitnis English Medium High School Belgaum, Karnataka","(0831) 2467794","No.198.Budhawar PethTilakwadiBelgaum BELGAUM(Dist) Karnataka Pincode - 590006"
"Geetha High School Mandya, Karnataka","(08232) 220956","Shankar NagarMandya MANDYA(Dist) Karnataka Pincode - 571401"
"Geethanjali Higher Primary School Mandya, Karnataka","(08232) 231243","Bandigowda LayouMandya MANDYA(Dist) Karnataka Pincode - 571403"
"Gem International Residential School Chikballapur, Karnataka","(08155) 289752, 289753","BevenhalliT.M. RoadAlipur CHIKBALLAPUR(Dist) Karnataka Pincode - 516224"
"Gomatesh English Medium Primary School Belgaum, Karnataka","(0831) 2421349, 2464064, 2464762","Gomatesh NagarHindwadiBelgaum BELGAUM(Dist) Karnataka Pincode - 590011"
"Gomatesh High School Belgaum, Karnataka","(0831) 2421349, 2464064, 2464762","Gomatesh NagarHindwadiBelgaum BELGAUM(Dist) Karnataka Pincode - 590011"
"Gracy Arogya Mary Convent School Mysore, Karnataka","(0821) 2598377","No.441.Mallige RoadRoopanagarManasagangothriNear University Campus MYSORE(Dist) Karnataka Pincode - 570006"
"Green Valley Central School Mandya, Karnataka","9341878748.9","#36.Jakkankuppe VillageBelagola HobliHosahalli PostS.R. Patna Tq. MANDYA(Dist) Karnataka Pincode - 571438"
"Green Valley Educational Institution Mandya, Karnataka","9341878748.9","# 36.Jakkankuppe VillageBelagola HobliHosahalli PostS.R. Patna Tq. MANDYA(Dist) Karnataka Pincode - 571438"
"Green Valley School Mysore, Karnataka","(0821) 4263426, 9342117090, 9342916633","105.2nd MainJayalakshmipuramMysore MYSORE(Dist) Karnataka Pincode - 570012"
"Gyudmed Tantric Monastic School Mysore, Karnataka","(08222) 246038, 246202","Tibetan SettlementP.O. Gurupura Hunsur TalukMysore MYSORE(Dist) Karnataka Pincode - 571188"
"Hongirana School Of Excellence Shimoga, Karnataka","(08183) 265270","AmatekoppaHeggodu Post SagarShimoga SHIMOGA(Dist) Karnataka Pincode - 577401"
"I.S.Marol School Haveri, Karnataka","9962568654","Near Bust standSavanurHaveri HAVERI(Dist) Karnataka"
"J.P. Rotary High School Haveri, Karnataka","(08375) 234661","Ijarilakhamapur Main RoadIjarilakmapurHaveri HAVERI(Dist) Karnataka Pincode - 581110"
"Jnanadeepa School Shimoga, Karnataka","() 08182-60448","JavalliShimogaShimoga SHIMOGA(Dist) Karnataka Pincode - 577227"
"Jyothi High School Udupi, Karnataka","(08253) 271240","AjekarKarkala TalukUdupi UDUPI(Dist) Karnataka Pincode - 574101"
"Jyoti English Medium School Kolar, Karnataka","() 08154-252184","ChintamaniP.B. No 34Kolar KOLAR(Dist) Karnataka Pincode - 563125"
"K.J. Somaiya English Medium School Bagalkot, Karnataka","(08350) 260047","SameerwadiTaluka MudholBagalkot BAGALKOT(Dist) Karnataka Pincode - 587316"
"Kalpavruksha Model School Belgaum, Karnataka","(08288) 236889","Alankar NagarMurgod RoadBelgaum BELGAUM(Dist) Karnataka Pincode - 591102"
"Kannada Convent High School Gulbarga, Karnataka","(08472) 241478","Basaveshwara ColonySedem RoadGulbarga GULBARGA(Dist) Karnataka Pincode - 585105"
"Karnataka Navachethana Blind School Tumkur, Karnataka","(0816) 2282411, 9449306301","KunigalTumkur TUMKUR(Dist) Karnataka Pincode - 572130"
"Kaveri Girls High School Mandya, Karnataka","(08232) 225746","100.ft Road Nehru NagarMandya MANDYA(Dist) Karnataka Pincode - 571401"
"Kempegowda Residential School Tumkur, Karnataka","(0816) 2018055, 9448159496, 9844197117","Oordigere RoadBelagumbaTumkurKarnataka TUMKUR(Dist) Karnataka Pincode - 572104"
"Kenbridge School Gulbarga, Karnataka","(08472) 231447, 231448, 231449","Shahabad RoadOpp. Nrupathunga ColonyGulbarga GULBARGA(Dist) Karnataka Pincode - 585105"
"King George High School Bagalkot, Karnataka","(08350) 280106","Gandhi CircleMudhol Market RoadMahalingpur BAGALKOT(Dist) Karnataka Pincode - 587312"
"Kles English Medium School Belgaum, Karnataka","(0831) 220860","Nipani BelgaumBelgaum BELGAUM(Dist) Karnataka Pincode - 591237"
"Kumadhavathi Residential Central School(Krcs) Shimoga, Karnataka","(08187) 224475, 224475","Shivamogga RoadShimoga SHIMOGA(Dist) Karnataka Pincode - 577427"
"Little Rock Indian School Udupi, Karnataka","(0820) 2561977, 2561199, 2562400, 2561109, 2561899","Priority HighlandsPost Box No.-7Brahmavar UDUPI(Dist) Karnataka Pincode - 576213"
"Lourdu English Higher Primary School Kolar, Karnataka","(08159) 242691","Hospital RoadThyagaraja ColonyMulbagal KOLAR(Dist) Karnataka Pincode - 563131"
"Love Dale Central School Belgaum, Karnataka","(0831) 2458965","CTS No.7774Behind Shree Nagar GardenMM ExtensionMal Marutu Extension Belgaum BELGAUM(Dist) Karnataka Pincode - 590016"
"Loyola Convent School Gadag, Karnataka","(08372) 246213","Gadag Betgeri PostGadag GADAG(Dist) Karnataka Pincode - 582102"
"Loyola High School Gadag, Karnataka","(08372) 246094","Gadag Betgeri PostGadag GADAG(Dist) Karnataka Pincode - 582102"
"Luedolf High School Haveri, Karnataka","(08375) 235473","Agadi RoadAgadiHaveri HAVERI(Dist) Karnataka Pincode - 581110"
"Maharishi Vidya Mandir Gulbarga, Karnataka","(08472) 29471, 30376","Principal Name: Mr G D Kulkarni Lahoti BuildingAvian-e Shahi Road GulabargaGulbarga GULBARGA(Dist) Karnataka Pincode - 585102"
"Madhava Kripa High School Udupi, Karnataka","(0820) 2570317, 2574317","Madhav NagarUdupi UDUPI(Dist) Karnataka Pincode - 576104"
"Mandavya Engish Medium High School Mandya, Karnataka","(08232) 230114","Nehru NagaraMandya MANDYA(Dist) Karnataka Pincode - 571403"
"Manju Primary And High School Gadag, Karnataka","(08372) 266776","Kanaginhal RoadSharan Basaveshwar NagarGadag Betgeri GADAG(Dist) Karnataka Pincode - 582101"
"Mental Retarded Residential School Gadag, Karnataka","(08372) 245745","Manju Education SocietiesRangavadootara NagarBetageri GADAG(Dist) Karnataka Pincode - 582102"
"N.V. English Medium School Gulbarga, Karnataka","(08472) 222259","N.V. GroundGulbarga GULBARGA(Dist) Karnataka"
"N.V. Vidyaniketan High School Gulbarga, Karnataka","","Venkatesh NagarGulbarga GULBARGA(Dist) Karnataka Pincode - 585102"
"National Public School Haveri, Karnataka","(08373) 261182","Near Venkateshwara TempleChowdeshwari NagarMedleri RoadRanebennur HAVERI(Dist) Karnataka Pincode - 581115"
"Navanagar Rotary English Medium High School Dharwad, Karnataka","","Navanagar Rotary English Medium High SchoolNavanagarDharwad DHARWAD(Dist) Karnataka Pincode - 580001"
"Nirmala Girls' High School Shimoga, Karnataka","(08183) 226871","Sagar PostShimoga SHIMOGA(Dist) Karnataka Pincode - 577401"
"Nursing Rao Desai High School Haveri, Karnataka","9964585914","Akki-alur Tq:hangal Di:haveriHaveri HAVERI(Dist) Karnataka Pincode - 581102"
"Podar Jumbo Kids Play School Davangere, Karnataka","9.1974077043e+011","D.No 2654 Ist MainDental College RoadNear Gundi circle M.C.C. B Block DAVANGERE(Dist) Karnataka Pincode - 577004"
"Presentation Convent Higher Primary School Dharwad, Karnataka","(0836) 2749980","Opposite K.C. ParkDharwad DHARWAD(Dist) Karnataka Pincode - 580008"
"Presentation Girl's High School Dharwad, Karnataka","(0836) 2446770","Opposite K.C. ParkDharwad DHARWAD(Dist) Karnataka Pincode - 580008"
"Prin Rotary Central School Gadag, Karnataka","(08372) 210454","Ashraya ColonyKrishna NagarBetageri GADAG(Dist) Karnataka Pincode - 582103"
"Radiant International School Haveri, Karnataka","(06115) 31450, 3111351","Saguna MoreHaveri HAVERI(Dist) Karnataka Pincode - 800015"
"Ram Raj Composite Junior College Bidar, Karnataka","(08483) 270442","19.Hyderabad RoadHumnabadBidar BIDAR(Dist) Karnataka Pincode - 585330"
"S.G.B.D. High School Haveri, Karnataka","(08375) 216061","Hamsabhavi RoadByadgiHaveri HAVERI(Dist) Karnataka Pincode - 581106"
"Royal Palace School Bagalkot, Karnataka","(08353) 200360","JamkhandiBagalkot BAGALKOT(Dist) Karnataka Pincode - 587302"
"S.K.G.P. High School Haveri, Karnataka","(08375) 289500","Kankatti CircleKaginelli RoadByadgi HAVERI(Dist) Karnataka Pincode - 580016"
"S.K.V. High School Haveri, Karnataka","(08375) 288499","Byadgi Main RoadChikkabasurByadgi HAVERI(Dist) Karnataka Pincode - 581106"
"S.N. Sharada Girls High School Kolar, Karnataka","(08159) 244998, 244942","KBP RoadMuthyalpetMulbagal KOLAR(Dist) Karnataka Pincode - 563131"
"Sacred Heart Higher Primary School Chickmagalur, Karnataka","(08265) 240503","BasrikatteKoppa TalukChikmagalur CHICKMAGALUR(Dist) Karnataka Pincode - 577114"
"Sahyadri Central School Shimoga, Karnataka","(08181) 228035","Azad RoadKushavathiThirthahalli SHIMOGA(Dist) Karnataka Pincode - 577432"
"Sayyid Akbar Husayni School Gulbarga, Karnataka","08472-23939","Principal Name: Mr Benjamin Daniel Khaja Bandanawaz MargNear Dargah Rauza-e-buzurgGulbarga GULBARGA(Dist) Karnataka Pincode - 585104"
"Shaheen Talent School - Pu College Iit Academy Bidar, Karnataka","(08482) 230450, 230990","Ahmed BaghGole KhanaBidar BIDAR(Dist) Karnataka Pincode - 585401"
"Sharada Residential School Udupi, Karnataka","(0820) 2523129, 2534991","KunjibettuUdupi UDUPI(Dist) Karnataka Pincode - 576102"
"Sharanabasaveshwar Vidya Samiti School Gadag, Karnataka","(08372) 245215","Sharanabasaveshwar NagarGadag BetgeriGadag GADAG(Dist) Karnataka Pincode - 582101"
"Shishu Vihar Higher Praimary School Gulbarga, Karnataka","(08474) 236515","ChittapurGulbarga GULBARGA(Dist) Karnataka Pincode - 585211"
"Shri Manjunatheshwara Central School Dharwad, Karnataka","(0836) 2462005, 2461184","VidyagiriDharwad DHARWAD(Dist) Karnataka Pincode - 580004"
"Shri Marula Shankar Handicapped School Haveri, Karnataka","(08375) 228008","Byadgi MainSangameshwara NagarByadgi HAVERI(Dist) Karnataka Pincode - 581106"
"Shri Ranganath International School Bagalkot, Karnataka","(8470) 8147427275","Badami RoadShigikere Taluk BagalkotBagalkot BAGALKOT(Dist) Karnataka Pincode - 587111"
"Siddharth Pre-University College Bidar, Karnataka","(08482) 227764","Janawada RoadJanwadaBidar BIDAR(Dist) Karnataka Pincode - 585401"
"Silas International School Udupi, Karnataka","(0820) 2582607, 2581707","HanumanthanagarPuttur B.P.O.Udupi UDUPI(Dist) Karnataka Pincode - 576105"
"Smartkidz Play School Bidar, Karnataka","8483270942","Wadgire HouseHousing Board Colony HumnabadBidar BIDAR(Dist) Karnataka Pincode - 585105"
"Smartkidz Play School Bidar, Karnataka","9916810879","H.No.11592.Basava NilayaShivpur RoadNear Naganna Katti TripuranthBasavakalyan BIDAR(Dist) Karnataka Pincode - 585105"
"Smt Parvathamma Shamanur Shivashankarappa English Medium Residential School (Pssemr) Davangere, Karnataka","(08192) 208422, 208423, 208434","ShivagangotriTolahunseP.B. 252 DAVANGERE(Dist) Karnataka Pincode - 577002"
"Somaiya Shishu Niketan Primary School Bagalkot, Karnataka","(08350) 260047","SameerwadBagalkot BAGALKOT(Dist) Karnataka"
"Smt. Halamma Shamanur Shivappa Nursery Primary And High School Davangere, Karnataka","(08180) 240300","(Near Raghavendra Temple) P.B. Road HariharDavanagere DAVANGERE(Dist) Karnataka Pincode - 577601"
"Sree Siddaganga School For Blind Tumkur, Karnataka","(0816) 2282411, 9449306301","Sree Siddaganga MathTumkurIndia TUMKUR(Dist) Karnataka Pincode - 561204"
"Sree Swamy Vivekananda P.U. College Tumkur, Karnataka","(08139) 288165, (08139) 2282411","TuruvekereTumkur TUMKUR(Dist) Karnataka Pincode - 572227"
"Sri Bhuvandendra Residential School Udupi, Karnataka","(08258) 2735078, 2717487","Madhav NagarNear Industrial AreaKarkala UDUPI(Dist) Karnataka Pincode - 574104"
"Sri Kalikamba High School Mandya, Karnataka","(08232) 235270","Doddarasanakere P.O.K.M. DoddiMandya MANDYA(Dist) Karnataka Pincode - 571422"
"Sri Ranganath International School (Sri) Bagalkot, Karnataka","(08354) 201201, 9243600629","#54/1.Belgaum- Raichur RoadShigikeriBagalkot BAGALKOT(Dist) Karnataka Pincode - 587111"
"Sri Kodanda Rama Swamy High School Kolar, Karnataka","(08159) 240455","Gudipalli RoadMitturMulbagal KOLAR(Dist) Karnataka Pincode - 563131"
"Sri Sathya Sai Loka Seva Boys High School Kolar, Karnataka","(08156) 262102, 262103, 262105","Sathya Sai GramaP.O. MuddenahalliKolar KOLAR(Dist) Karnataka Pincode - 562101"
"Sri Sri Ravishankar Bal Mandir Shimoga, Karnataka","(08182) 222281, 9448254121","Old MAMCOS BuildingBeside Kote Police StationShimoga SHIMOGA(Dist) Karnataka Pincode - 577202"
"Sri Sathya Sai Vidya Niketan Chikballapur, Karnataka","(08150) 282309","Sri Sathya Sai NagarBagepallyChikballapur CHIKBALLAPUR(Dist) Karnataka Pincode - 561207"
"Sri Sri Ravishankar Bal Mandir Tumkur, Karnataka","(08186) 533991, 9886282313","Abhijith NilayaNear Sarapani AshramaOld Tuda officeNear Belagumba Road TUMKUR(Dist) Karnataka Pincode - 572101"
"Sri Taralabalu Jagadguru Residential School (S.T.J.) Davangere, Karnataka","(08192) 220017, 220117","Anubhava MantapaDavanagere DAVANGERE(Dist) Karnataka Pincode - 577004"
"St Joseph's Kannada Higher Primary School Shimoga, Karnataka","(08183) 228009","SagarShimoga SHIMOGA(Dist) Karnataka Pincode - 577401"
"St. Martha's Pre University College Chickmagalur, Karnataka","(08263) 220425","Mudigere Post and TalukChikmagalur CHICKMAGALUR(Dist) Karnataka Pincode - 577132"
"The Jain International School Kolar, Karnataka","9945003972, 9379628866, (080) 26500895","G.K.M. ComplexAC Abdul Ali RoadSeshachala Mudaliar Cross RoadOpp. Bangarpet Police Station KOLAR(Dist) Karnataka Pincode - 563114"
"T.V.S. School Tumkur, Karnataka","08186-280531","Opp. H.M.T. Main GateTumkur TUMKUR(Dist) Karnataka Pincode - 572103"
"The T.V.S. Academy Tumkur, Karnataka","(0816) 2243112, (0816) 2243278","PandithanahalliHirehalli PostTumkur TUMKUR(Dist) Karnataka Pincode - 572168"
"V.D.S. Girls High School Gadag, Karnataka","(08372) 278573","K.C. Rani RoadBetageriGadag GADAG(Dist) Karnataka Pincode - 582101"
"Vidya Independent P.U. Science College Bidar, Karnataka","(08482) 226184, 225192","Akkamahadevi ColonyBVB College RoadBidar BIDAR(Dist) Karnataka Pincode - 585403"
"Vidyavaridhi International School Tumkur, Karnataka","(08133) 321404, (08133) 256072","Suvarnamukhi CampusBallakatteHuliyarTumkur TUMKUR(Dist) Karnataka Pincode - 572218"
"Bangalore International School Bangalore, Karnataka","080 - 28445852","Hennur Bagalur RoadKothanur BANGALORE(Dist) Karnataka Pincode - 560077"
"B G S International Residential School Bangalore Rural, Karnataka","80 28437653","NithyanandanagarKengeri HoblGollahalli Post, BANGALORE RURAL(Dist) Karnataka Pincode - 560060"
"Kangaroo Kids Bangalore, Karnataka","080 41154678","st Cross Roadindira Nagar BANGALORE(Dist) Karnataka Pincode - 560034"
"Gaia Preschool And Child Care Centre Bangalore, Karnataka","(080)32405263/64","RTNagar BANGALORE(Dist) Karnataka Pincode - 560032"
"Chettinad Vidhyashram Kolar, Karnataka","(081) 52222597","Bangalore-Chennai By-Pass Road P.C. Halli Extension Pavan NagarKolar KOLAR(Dist) Karnataka Pincode - 563101"
"American Friendship Residential School Kolar, Karnataka","","P.O. Gudibanda KOLAR(Dist) Karnataka Pincode - 561209"
"Bangalore Military School Bangalore Rural, Karnataka","","P.B.No.25040Richmond Town BANGALORE RURAL(Dist) Karnataka Pincode - 560025"
"Belgaum Military School Belgaum, Karnataka","","Belgaum BELGAUM(Dist) Karnataka Pincode - 590009"
"Jain International Residential School Bangalore Rural, Karnataka","","JakkasandraKanakapura Tulak BANGALORE RURAL(Dist) Karnataka Pincode - 562112"
"Kittur Rani Channamma Residential School For Girls Bailhongal, Karnataka","","Kittur BAILHONGAL(Dist) Karnataka Pincode - 591115"
"Pssemr School Davangere, Karnataka","","ShivagangotriTolahunseP.B.252 DAVANGERE(Dist) Karnataka Pincode - 577002"
"Sandur Residential Composite Junior College Bellary, Karnataka","","ShivpurSandur BELLARY(Dist) Karnataka Pincode - 583119"
"Sharada Residential School Udupi, Karnataka","","Kunjibettu UDUPI(Dist) Karnataka Pincode - 576102"
"Trio World School Bangalore, Karnataka","","Kodigehalli Main RoadSahakar Nagar BANGALORE(Dist) Karnataka Pincode - 560092"
"Sharanabasaveshwar Public School Gulbarga, Karnataka","","Gulbarga GULBARGA(Dist) Karnataka Pincode - 585103"
"Baldwin Boys' High School Bangalore, Karnataka","080-22211981","Richmond Town BANGALORE(Dist) Karnataka"
"Baldwin Girls' High School Bangalore, Karnataka","080-22211743 , 080-22214125","Richmond Road BANGALORE(Dist) Karnataka"
"Bishop Cotton Boys' School Bangalore, Karnataka","080-22213608 , 080-22213835","St. Mark's Road BANGALORE(Dist) Karnataka"
"Bishop Cotton Girls' School Bangalore, Karnataka","080-22210268 , 080-22213083","St. Mark's Road BANGALORE(Dist) Karnataka"
"Clarence High School Bangalore, Karnataka","080-25470868 , 080-25474555","Richards Town BANGALORE(Dist) Karnataka"
"Cluny Convent High School Bangalore, Karnataka","080-23346536","11th Mn RoadMalleswaram BANGALORE(Dist) Karnataka"
"The Frank Anthony Public School Bangalore, Karnataka","080-25540973","13 Cambridge RoadUlsoor BANGALORE(Dist) Karnataka"
"Sacred Heart Girls' High School Bangalore, Karnataka","080-22211237","Museum Road BANGALORE(Dist) Karnataka"
"Seventh Day Adventist Higher Secondary School Bangalore, Karnataka","080-25514606 , 080-25552426","98 Spencer RoadFrazer Town BANGALORE(Dist) Karnataka"
"The Cathedral High School Bangalore, Karnataka","080-25574819 , 080-25572656","63 Richmond Road BANGALORE(Dist) Karnataka"
"Sophia High School Bangalore, Karnataka","080-22266825","70 Palace Road BANGALORE(Dist) Karnataka"
"St. Francis Xavier Girls' High School Bangalore, Karnataka","080-25368222","49 Promenade RoadFraser Town BANGALORE(Dist) Karnataka"
"St. Charles High School Bangalore, Karnataka","080-25463987 , 080-25465231","St. Thomas Town P.O. BANGALORE(Dist) Karnataka"
"St. Germn High School Bangalore, Karnataka","080-25511353","Fraser TownP.O. Box No. 504 BANGALORE(Dist) Karnataka"
"St. John's High School Bangalore, Karnataka","080-25361456 , 080-25309727","132 St. John's Church RoadCleveland TownP.B. No. 505 BANGALORE(Dist) Karnataka Pincode - 560005"
"St. Joseph's Boys High School Bangalore, Karnataka","080-22214416 , 080-22106706","#27 Museum RoadP.O. Box No. 25003 BANGALORE(Dist) Karnataka"
"Cambridge School Bangalore, Karnataka","080-25612067 , 080-25614581","Basavanapura Mn RoadK. R. Puram BANGALORE(Dist) Karnataka"
"Bethany High School Bangalore, Karnataka","080-25533603","CA - 1220th Mn6th Block Koramangala Layout BANGALORE(Dist) Karnataka"
"B.P. Indian Public School Bangalore, Karnataka","080-23347314","V. Mn RoadPost Box No. 395Malleswaram BANGALORE(Dist) Karnataka"
"Presidency School Bangalore, Karnataka","080-23493291 , 080-23496742","Nandini Layout BANGALORE(Dist) Karnataka"
"Bangalore Public School Bangalore, Karnataka","080-25273660","5th Cross 18th MnH.A.L.-II Stage BANGALORE(Dist) Karnataka"
"Presidency School Bangalore, Karnataka","080-23335860 , 080-23337689","R.T. NagarCA - 4H.M.T. Layout BANGALORE(Dist) Karnataka"
"Tunbridge High School Bangalore, Karnataka","080-25582813 , 080-25321785","86 / 2Infantry Road BANGALORE(Dist) Karnataka"
"St. Mira's English School Bangalore, Karnataka","080-358522","6th BlockRajaji Nagar BANGALORE(Dist) Karnataka Pincode - 560010"
"New Horizon Public School Bangalore, Karnataka","080-25261021","100 Feet RoadIndiranagar BANGALORE(Dist) Karnataka"
"Mallya Aditi International School Bangalore, Karnataka","080-40447000","Post Box No. 6427Yelahanka BANGALORE(Dist) Karnataka"
"St. Paul's English School Bangalore, Karnataka","080-26582710 , 080-26584619","3rd Cross 3rd PhaseJ.P. Nagar BANGALORE(Dist) Karnataka"
"The Oxford English School Bangalore, Karnataka","080-30410501/502 , 080-30410508/522","1st PhaseJ.P. Nagar BANGALORE(Dist) Karnataka"
"Florence Public School Bangalore, Karnataka","080-23531747 , 080-23333938","No. 6 P & T ColonyR.T. Nagar BANGALORE(Dist) Karnataka"
"The Eastwood High School Bangalore, Karnataka","080-25363923","2 Cambridge LayoutSomeswarapurUlsoor BANGALORE(Dist) Karnataka"
"Innisfree House School Bangalore, Karnataka","080-26597110","9th Cross23rd MnJ.P. Nagar BANGALORE(Dist) Karnataka"
"Carmel School Bangalore, Karnataka","080-26691040 , 080-26690732","Padmanabh NagarII StageBanashankari BANGALORE(Dist) Karnataka"
"New Public English School Bangalore, Karnataka","080-23351087","No. 317th CrossMagadi Chord RoadVijaya Nagar BANGALORE(Dist) Karnataka"
"St. Mary's Public School Bangalore, Karnataka","080-22202854 , 080-22280438","13 Queens Road BANGALORE(Dist) Karnataka"
"Clarence Public School Bangalore, Karnataka","080-26584245 , 080-26494420","No. 7107th Mn III PhaseJ.P. Nagar BANGALORE(Dist) Karnataka"
"Little Flower Public School Bangalore, Karnataka","080-26421964 , 080-26422696","#1 Banashankari III Stage BANGALORE(Dist) Karnataka"
"St. Ann's High School Bangalore, Karnataka","080-23352659","80 Feet Road6th BlockRajaji Nagar BANGALORE(Dist) Karnataka"
"Vidya Niketan School Bangalore, Karnataka","080-23620454","No. 30KempapuraHebbal BANGALORE(Dist) Karnataka"
"S. Cadambi Vidya Kendra English Sec. School Bangalore, Karnataka","080-23226019","CA - 210th MnWest of Chord RoadBasweshwarnagar BANGALORE(Dist) Karnataka"
"Vivekananda Educational Centre Bangalore, Karnataka","080-26633167 , 080-25658347","No. 14th Block EastJayanagar BANGALORE(Dist) Karnataka"
"Twinklers School Bangalore, Karnataka","080-26646779 , 080-28433129","15th Cross 6th PhaseJ.P. Nagar BANGALORE(Dist) Karnataka"
"Sri Kumaran Public School Bangalore, Karnataka","080-65839368 , 080-65839370","Sy. No. 44 to 48Mallasandra VillageUttarahalli HobliBangalore South Taluk BANGALORE(Dist) Karnataka"
"Sree Rama Vidyalaya Bangalore, Karnataka","080-64501589 , 080-64501588","9th Mn2nd BlockJaya Nagar BANGALORE(Dist) Karnataka Pincode - 560011"
"Modern English Medium School Bangalore, Karnataka","080-26586821 , 080-26588631","No. 166th 'B' MnIII PhaseJ.P. Nagar BANGALORE(Dist) Karnataka"
"Sishu Griha English School Bangalore, Karnataka","080-25213940 , 080-25213941","No. 3 H.A.L. III StageNew Thippasandra Post BANGALORE(Dist) Karnataka Pincode - 560075"
"Acharya Pathasala Public School Bangalore, Karnataka","","Narasimha Raja Colony BANGALORE(Dist) Karnataka Pincode - 560019"
"National Academy For Learning Bangalore, Karnataka","080-23239281 , 080-23401567","III Cross III StageIII - BlockBasweshwarnagar BANGALORE(Dist) Karnataka"
"St. Thomas Public School Bangalore, Karnataka","080-25282890","32 Church RoadNew ThippasandraIndira Nagar BANGALORE(Dist) Karnataka"
"Dayananda Sagar International School Bangalore, Karnataka","080-26665463 , 080-26660789","Kumaraswamy Layout BANGALORE(Dist) Karnataka Pincode - 560078"
"Carmel High School Bangalore, Karnataka","080-23227015","II - Block III StageJudges' ColonyWest of Chord RoadBasaweshwaranagar BANGALORE(Dist) Karnataka Pincode - 560079"
"Sri Vani Public School Bangalore, Karnataka","080-23322239","1246II Stage Rajaji Nagar BANGALORE(Dist) Karnataka Pincode - 560010"
"R.T. Nagar Public School Bangalore, Karnataka","080-23542040 , 080-23535282","I Mn 'A' CrossKanakanagarR.T. Nagar Post BANGALORE(Dist) Karnataka Pincode - 560032"
"Daffodils English School Bangalore, Karnataka","","Postal ColonyRajamahal VilasII StageSanjaynagar BANGALORE(Dist) Karnataka"
"Acts Secondary School Bangalore, Karnataka","080-65307156 , 080-65370157","15 KM Hosur RoadElectronic City Post BANGALORE(Dist) Karnataka Pincode - 560100"
"Bangalore International School Bangalore, Karnataka","080-28465059 , 080-28465060","GeddalahaliHennur Bagallur RoadKothanur Post BANGALORE(Dist) Karnataka"
"Shalini Kannada And English Primary School Bangalore, Karnataka","080-25470576 , 080-25473316","Siddappa GardenLingarajapuram BANGALORE(Dist) Karnataka"
"Cambridge Public School Bangalore, Karnataka","080-25729281","80 Feet Road4th BlockKoramangala BANGALORE(Dist) Karnataka"
"Cambridge Public School Bangalore, Karnataka","080-25723839 , 080-25727335/6","58 / 1 Sector 1H.S.R. Extension BANGALORE(Dist) Karnataka Pincode - 560034"
"International School Bangalore, Karnataka","080-27822555 , 080-27822393","WhitefieldSarjapur RoadNear Dommandra Circle BANGALORE(Dist) Karnataka Pincode - 562125"
"Rashtreeya Vidyalaya Public School Bangalore, Karnataka","080-26569588","Rashtreeya Vidyalaya RoadNear Lalbagh West GateVisweswarapuram BANGALORE(Dist) Karnataka"
"Auden Institute Of Education Bangalore, Karnataka","080-26721901 , 080-26727745","No. 17 Girinagar3rd StageVIIth BlockBanashankari BANGALORE(Dist) Karnataka"
"Appollo National Public School Bangalore, Karnataka","080-26698907","5th Cross 5th MnB.S.K. - IIIIII - Phase V - Block BANGALORE(Dist) Karnataka"
"Vidyashilp Academy Bangalore, Karnataka","080-28563678","Post Box No. 6437ShivanahalliYelahanka Hobli BANGALORE(Dist) Karnataka Pincode - 560064"
"Miranda English Medium School Bangalore, Karnataka","080-25281760 , 080-25253284","10th Mn 6th CrossH.A.L. III Stage BANGALORE(Dist) Karnataka Pincode - 560075"
"Maruthi Vidyalaya Bangalore, Karnataka","080-30949211 , 080-25420711","No. 85 / 2Horamavu AgaraBank Avenue Extension BANGALORE(Dist) Karnataka Pincode - 560043"
"St. Charles High School Bangalore, Karnataka","080-25421900 , 080-25451149","KammanahalliSt. Thomas Town BANGALORE(Dist) Karnataka Pincode - 560084"
"Mount Senoria School Bangalore, Karnataka","080-23720500","No. 82 SwathantraYodhara NagarLaggere BANGALORE(Dist) Karnataka Pincode - 560058"
"The Sudarshan Vidya Mandir I.C.S.E. Academy Bangalore, Karnataka","080-26646221 , 080-26641982","26th 'A' Mn Road4th T - BlockJayanagar BANGALORE(Dist) Karnataka Pincode - 560041"
"Lowry Memorial High School Bangalore, Karnataka","080-28510069/625-080-28517987","Dooravani Nagar Post BANGALORE(Dist) Karnataka"
"Holy Angel's High School Bangalore, Karnataka","080-23404465","4th CrossR.P.C. LayoutVijayanagar BANGALORE(Dist) Karnataka"
"India International School Bangalore, Karnataka","080-28439001 , 080-28439002","26 / 1 Chikka Bellandur VillageCarmelram Post BANGALORE(Dist) Karnataka"
"S.S.B. International School Bangalore, Karnataka","080-65734004 , 9945234098","No. 5 / AH.A.L. II StageIndiranagar BANGALORE(Dist) Karnataka"
"Auxilium School Bangalore, Karnataka","080-28473594 , 080-28472364","Bandapura VillageOld Madras RoadVirgoanagar Post BANGALORE(Dist) Karnataka Pincode - 560049"
"R.N.S. Vidyaniketan Bangalore, Karnataka","080-23397666 , 080-23398922","324 Bunts' Sangha ComplexChord RoadVijayanagar BANGALORE(Dist) Karnataka"
"St. Flowers English Medium School Bangalore, Karnataka","080-23408832","No. 1451Cholurpalaya BANGALORE(Dist) Karnataka"
"South East Asian International School Bangalore, Karnataka","080-25613741 , 080-25613742","Ekta NagarNo. 23 Basavanapura GramaK.R. Puram HubliiVirgo Nagar BANGALORE(Dist) Karnataka"
"St. Dominic's School Bangalore, Karnataka","","Jigala RoadAttibeleAnekal Taluk BANGALORE(Dist) Karnataka"
"New Baldwin English Primary School Bangalore, Karnataka","080-25453799 , 080-25457389","No. 25 Ramamurthy NagarMn RoadDoddaBanaswadi BANGALORE(Dist) Karnataka"
"Deccan International School Bangalore, Karnataka","080-26393704","PadmanabhanagarUttarahalli HobliChikkalsandra BANGALORE(Dist) Karnataka"
"Divine English School Bangalore, Karnataka","080-23379188 , 080-23374691","No. 6401st Mn RoadYeshwanthpura BANGALORE(Dist) Karnataka"
"Embassy Public School Bangalore, Karnataka","080-23580252 , 080-23580253","No. 60ChikkagollarahalliMagadi Mn Road BANGALORE(Dist) Karnataka Pincode - 560091"
"School Vivekananda Bangalore, Karnataka","080-23433559 , 080-65313205","No. 1350'A' - BlockSahakaranagar BANGALORE(Dist) Karnataka"
"Swargarani School Bangalore, Karnataka","080-28601826-080-28602115","B.E.M.L. LayoutRajarajeshwari Nagar BANGALORE(Dist) Karnataka"
"Sarala Birla Academy Bangalore, Karnataka","080-41348200 , 080-41348203/04","Jigni RoadBannerghatta BANGALORE(Dist) Karnataka"
"Seshadripuram Public School Bangalore, Karnataka","080-22955376","Mother Dry RoadYelahanka New Town BANGALORE(Dist) Karnataka"
"St. Peter's School Bangalore, Karnataka","","Sy. No. 56 & 58KkondrahalliBefore Wipro CampusSarjapura Road BANGALORE(Dist) Karnataka"
"Baldwin Co-Education Extension High School Bangalore, Karnataka","080-28601536","2nd Cross10th Mn 5th StageB.E.M.L. LayoutRajarajeshwari Nagar BANGALORE(Dist) Karnataka"
"Prakriya Green Wisdom School Bangalore, Karnataka","080-28440925 , 080-65636391","Post Box 23 Plot #70Chikkanayakanahalli RoadOff DoddakaneliSarjapura Road BANGALORE(Dist) Karnataka"
"St. Francis School Bangalore, Karnataka","080-25531076 , 080-25500123","Post Box No. 3417Koramangala BANGALORE(Dist) Karnataka"
"Sri Vani Education Centre Bangalore, Karnataka","080-23238608 , 080-23228078","C.A. Site No. 14th 'B' Mn 3rd Block3rd Stage Basaveshwaranagar BANGALORE(Dist) Karnataka"
"Fusco's School Bangalore, Karnataka","080-25297158","Old Madras RoadIndiranagar BANGALORE(Dist) Karnataka"
"Swaminarayan International School Bangalore, Karnataka","080-32985000 , 080-28437261","Mysore RoadP.O. Kumbalgodu BANGALORE(Dist) Karnataka"
"The Regency Public School Bangalore, Karnataka","080-23642370 , 080-64502511","5/1 A.M.S. ExtensionVidyaranyapura BANGALORE(Dist) Karnataka"
"M.E.S. Kishore Kendra Public School Bangalore, Karnataka","","C.A. Site No. 5BEE HBCSVidyaranyapuraYeshwanthapura BANGALORE(Dist) Karnataka"
"Cambridge Public School Bangalore, Karnataka","080-28462800 , 080-25994901","C.A. Site No. 15Sector - ANew TownYelahanka BANGALORE(Dist) Karnataka"
"Patel Public School Bangalore, Karnataka","080-25450466","Subbhna Palya BANGALORE(Dist) Karnataka"
"New Millennium School Bangalore, Karnataka","080-65989755 , 080-28445812","HoramavuAgara BANGALORE(Dist) Karnataka"
"Shree Bharathi Vidyalaya Bangalore, Karnataka","080-23112134","CA 14Pipeline10th CrossVijayanagar BANGALORE(Dist) Karnataka"
"S.J.R. Kengeri Public School Bangalore, Karnataka","080-28484675","CA Site No. 193rd Mn RoadKengeri Satellite Town BANGALORE(Dist) Karnataka"
"Ryan International School Bangalore, Karnataka","080-65709795 , 080-65709796","No. 2Vederapura VillageGentiganahalliYelahanka BANGALORE(Dist) Karnataka"
"St. Vincent Pallotti School Bangalore, Karnataka","080-25603768 , 080-49535226","Babusahib Palya BANGALORE(Dist) Karnataka"
"New Baldwin International Residential School Bangalore, Karnataka","080-28470864 , 080-28470873","Survey No. 128/P 14 & 182Mandoor-Boodigere Road BANGALORE(Dist) Karnataka"
"St. Dominic's School Bangalore, Karnataka","080-26394233","ChikkalasandraSubramanyapura Post BANGALORE(Dist) Karnataka Pincode - 560061"
"M G School For Excellence Bangalore, Karnataka","080-26485985-080-65628565","171 Someshwara Temple RoadBilekahalliBannerghatta Road BANGALORE(Dist) Karnataka"
"Lady Vlankanni English School Bangalore, Karnataka","080-28538201 , 080-25969179","VarthurBehind Vinayaka Theatre BANGALORE(Dist) Karnataka"
"Kenneth George English School Bangalore, Karnataka","080-23533329","7th Cross Shri Bhuvaneshwari NagarCoffee Board LayoutKempapura BANGALORE(Dist) Karnataka Pincode - 560024"
"Ryan International School Bangalore, Karnataka","080-27828213 , 080-27828214","Survey No. 13 GollahalliBannerghatta Mn RoadJigni HobliAnekal Taluk BANGALORE(Dist) Karnataka Pincode - 560083"
"Aradhana School Bangalore, Karnataka","080-26585781","I.I.M. PostArekereBannerghatta Road BANGALORE(Dist) Karnataka Pincode - 560076"
"Amarajyothi English Primary School Bangalore, Karnataka","080-5613555","DevasandraKrishnarajapuram BANGALORE(Dist) Karnataka Pincode - 560036"
"V.E.S. Model Convent Bangalore, Karnataka","080-28430305 , 080-28434407","No. 63 Old Sy. No. 195/196Magadi Mn RoadTavarekere BANGALORE(Dist) Karnataka Pincode - 562130"
"Triveni Public School Bangalore, Karnataka","080-23721148 , 080-28397648","S. No. 39Hesaraghatta Mn RoadNagasandra P.O.Bagalagunte BANGALORE(Dist) Karnataka"
"Gopalan International School Bangalore, Karnataka","080-40936034 , 080-42184340","Hoodi VillageK.R. Puram HobliWhitefield Road BANGALORE(Dist) Karnataka Pincode - 560048"
"Gopalan National School Bangalore, Karnataka","080-4155409 , 080-65995703","Plot No. 13Doddenakundi II PhaseBrookefield Road BANGALORE(Dist) Karnataka"
"Jubilee International Public School Bangalore, Karnataka","080-23182191","No. 14/13rd Mn Papareddy PalyaNagarabhavi 2nd Stage BANGALORE(Dist) Karnataka"
"Green Valley English School Bangalore, Karnataka","080-65834403 , 080-65834404","Chunchaghatta Mn RoadKonanakunteKanakapura Road BANGALORE(Dist) Karnataka"
"Sri Krishna International School Bangalore, Karnataka","080-26690799","No. 2 (P) I.T.I. LayoutB.S.K. III Stage BANGALORE(Dist) Karnataka Pincode - 560085"
"A.C. School Bangalore, Karnataka","","MES Ring RoadJalahalli BANGALORE(Dist) Karnataka Pincode - 560013"
"St. Francis School Bangalore, Karnataka","080-25731347","Begur RoadHongasandra BANGALORE(Dist) Karnataka Pincode - 560068"
"Nazareth School Bangalore, Karnataka","9242641178","Old ChandapuraHosur Mn RoadAnekal Taluk BANGALORE(Dist) Karnataka Pincode - 560081"
"V.L.S. International School Bangalore, Karnataka","080-23481564 , 080-42060445","7th 'B' Mn RoadSharada ColonySurvey No. 82/2Basaveshwaranagar BANGALORE(Dist) Karnataka"
"Carmel Convent School Bangalore, Karnataka","080-28439551","Carmelaram P.O. BANGALORE(Dist) Karnataka Pincode - 560035"
"Anantha Vidyaniketana Bangalore, Karnataka","080-27403075","S GardensAvathiDevanahalli Taluk BANGALORE(Dist) Karnataka Pincode - 562110"
"Nightingales English School Bangalore, Karnataka","080-26482213 , 080-26484666","No.1/B&C3rd MnB.T.M. IV Stage1st Block BANGALORE(Dist) Karnataka"
"H.A.L. Gnanajyoti School Bangalore, Karnataka","080-2540037","H.A.L. East Extension TownshipG.B.J. ColonyMarathahalli Post BANGALORE(Dist) Karnataka"
"Sidhartha International School Bangalore, Karnataka","","Sidhartha ExtensionGangondanahalli Mn RoadNagasandra Post BANGALORE(Dist) Karnataka"
"National Public School Bangalore, Karnataka","080-7801684","IgglurNear Surya CityAnekal Taluk BANGALORE(Dist) Karnataka Pincode - 560081"
"New Indus Valley Residential School Bangalore, Karnataka","080-25618590 , 080-65703784","Garden City College RoadVirgo Nagar (P)K.R. Puram BANGALORE(Dist) Karnataka"
"St. Theresa Bacq Public School Bangalore, Karnataka","080-28445994","Byathi BagalurDodda Gubbi Post BANGALORE(Dist) Karnataka"
"Nandini Vidyanikethana Bangalore Rural, Karnataka","080-27668811 , 080-27665499","Channarayapatna RoadVijayapura BANGALORE RURAL(Dist) Karnataka"
"The Valley School Bangalore Rural, Karnataka","080-28435240 , 080-28435241","HaridvanamOff Kanakapura RoadThatguni P.O. BANGALORE RURAL(Dist) Karnataka"
"Gnana Deepa Academy Residential School Bangalore Rural, Karnataka","080-27682829","MalegenahalliDevanahalli BANGALORE RURAL(Dist) Karnataka"
"Sharath Memorial School Bangalore Rural, Karnataka","080-27274758","Kempegowda CircleMagadi RoadRamanagaram BANGALORE RURAL(Dist) Karnataka"
"Vasavi Vidya Peetha Bangalore Rural, Karnataka","080-7745910","Kalya GateMagadi BANGALORE RURAL(Dist) Karnataka"
"Aditya Public School Bangalore Rural, Karnataka","080-27622700 , 080-27425001","Mythri LayoutSanjayanagarNelamangala Main RoadDoddaballapur BANGALORE RURAL(Dist) Karnataka"
"Phoenix Public Residential School Belgaum, Karnataka","0831-4203021","Honaga BELGAUM(Dist) Karnataka"
"Dnyan Prabodhan Mandir Belgaum, Karnataka","0831-6512280 , 0831-6512281","438/13 Jaitan MalNear Ashok Iron Plant - IPiranwadiUdyambag BELGAUM(Dist) Karnataka"
"St. Francis Of Assisi School Belgaum, Karnataka","08338-272670","MirjikodiChikodi BELGAUM(Dist) Karnataka"
"Sandur Girls Residential School Bellary, Karnataka","08394-244146","VyasankereHospet Taluk BELLARY(Dist) Karnataka"
"Sandur Residential School Bellary, Karnataka","08395-260246 , 08395-260196","Sandur P.O.Shivapur BELLARY(Dist) Karnataka"
"Sri Vishweshwaraiah School Bellary, Karnataka","08392-245345 , 08392-245641/2","Plot No. 823/B/2 & 823/CAllipuraHospet Road BELLARY(Dist) Karnataka"
"Basavarajeswari Public School & College Bellary, Karnataka","08392-261190 , 08392-261191","No. 890 BPatel NagarAnanthapur Road BELLARY(Dist) Karnataka"
"Pupil Tree School Bellary, Karnataka","08392-651433","5th K M StoneTalur Road BELLARY(Dist) Karnataka"
"Shanti Niketan Public School Bellary, Karnataka","08394-265887 , 08394-645208","J.P. NagarHospet BELLARY(Dist) Karnataka"
"St. Francis Icse School Chamrajnagar, Karnataka","08226-224715","BalarapatnaRamasamundra CHAMRAJNAGAR(Dist) Karnataka"
"Amber Valley Residential School Chickmagalur, Karnataka","08262-224535 , 08262-224633","P.O. Box No. 116K.M. RoadMugthihalli CHICKMAGALUR(Dist) Karnataka"
"B.G.S. World School Chikballapur, Karnataka","08156-263151-55","Village CheluvathimmanahalliP.O. Chickballapur CHIKBALLAPUR(Dist) Karnataka"
"Nazareth School Chickmagalur, Karnataka","08263-216226","Banakal PostMudigere Taluk CHICKMAGALUR(Dist) Karnataka"
"St. Ann's School Chikballapur, Karnataka","08155-285303","Gauribidanur CHIKBALLAPUR(Dist) Karnataka"
"St. Mary's International School Chickmagalur, Karnataka","08262-201122 , 08262-320654","UndedasarahalliUppalli VillageIndavara Post CHICKMAGALUR(Dist) Karnataka"
"Don Bosco School Chitradurga, Karnataka","08194-234804 , 08194-234656","P.B. No. 64N.H. 4 RoadKelagote CHITRADURGA(Dist) Karnataka"
"St. Theresa's School Dakshina Kannada, Karnataka","0824-2214278","BendurMangalore DAKSHINA KANNADA(Dist) Karnataka"
"Gem International Residential School Chikballapur, Karnataka","08155-289752","Yerragunte VillageBevinahalli GramapanchayatThondebhavi HobliGauribidanur Taluk CHIKBALLAPUR(Dist) Karnataka"
"Presidency School Dakshina Kannada, Karnataka","0824-2213305 , 0824-2213017","Survey No. 16 / P1 KelariBondathila PostKuntadkaMangalore DAKSHINA KANNADA(Dist) Karnataka"
"Sri Taralabalu School Davangere, Karnataka","08192-220117","AnubhavamantapaP.B. No. 303 DAVANGERE(Dist) Karnataka"
"Parivarthan Gurukul Heritage English Medium School Dharwad, Karnataka","9986143101","Akshaya Nagara (Gokul Road)Hubli DHARWAD(Dist) Karnataka"
"Sayyid Akbar Husayni School Gulbarga, Karnataka","08472-223939","Khaja Bandanawaz MargNear Dargah Rauza-E-buzurg GULBARGA(Dist) Karnataka"
"Anantha International School Hassan, Karnataka","08174-233384","AnanthasadanaLaxmipuraArsikere HASSAN(Dist) Karnataka"
"Rainbow Residential Public School Haveri, Karnataka","9241990521","P.B. No. 63N.H.-4 P.B. RoadKamadodRanebennur HAVERI(Dist) Karnataka"
"Oriental Primary And High School Dharwad, Karnataka","0836-2236009","MCL RoadGokul Road DHARWAD(Dist) Karnataka"
"Coorg Public School Kodagu, Karnataka","08274-247881","Post Box No. 14Gonikoppal KODAGU(Dist) Karnataka"
"Karaumbiah's Academy For Learning And Sports Kodagu, Karnataka","08274-279456","87/2KaikeriGonikoppalSouth Coorg KODAGU(Dist) Karnataka"
"General Thimmaiah Public School Kodagu, Karnataka","0958272-224830","Shree Omkareshwara Temple RoadMadikeri KODAGU(Dist) Karnataka"
"American Friendship Residential School Kolar, Karnataka","080-25280597","P.O. GudibandaRenumakalahalli KOLAR(Dist) Karnataka"
"Jyothi English Medium School Kolar, Karnataka","08154-290584","ChintamaniP.O. Box No. 34 KOLAR(Dist) Karnataka"
"Sri K.V. English School Kolar, Karnataka","08156-309582","C.V.V. Campus KOLAR(Dist) Karnataka"
"Vidya Jyothi School Kolar, Karnataka","08152-225499","Basavanatha KOLAR(Dist) Karnataka"
"Vidyanidhi Public School Kolar, Karnataka","08155-286685","B.H. RoadGauribidanur KOLAR(Dist) Karnataka"
"Sri Venu Central School Kolar, Karnataka","08157-245265","UnikiliKasaba HobliSrinivaspur KOLAR(Dist) Karnataka"
"Gnana Jyothi School Kolar, Karnataka","9242613860","NH 4M.I.T.C. ColonyV. GuttahalliMulbagal KOLAR(Dist) Karnataka"
"Sri R.V. School Kolar, Karnataka","08152-222971","R. V. GardenP. C. Hally NH - 4 Bypass KOLAR(Dist) Karnataka"
"Christ International School Kolar, Karnataka","08151-238778","AlambadyMalur KOLAR(Dist) Karnataka"
"Sapthagiri Public School Koppal, Karnataka","08533-271113","Koppal RoadVaddarahattiGangavathi KOPPAL(Dist) Karnataka"
"R.V.S.R. Central School Koppal, Karnataka","08533-283128","Survey No. 57 / AMarlanahalliGangavathi Taluk KOPPAL(Dist) Karnataka"
"S.F.S. Primary School Koppal, Karnataka","08539-201201","Hospet Road KOPPAL(Dist) Karnataka"
"De Paul International Residential School Mandya, Karnataka","08236-290340/1/2","AvverahalliBelagola P.O.Srirangapatna Taluk MANDYA(Dist) Karnataka"
"Cauvery Public School Mandya, Karnataka","08232-570633","P.B. No. 47 TubinakereJakkanally RoadRagimuddanahalliElechakanahalli Post MANDYA(Dist) Karnataka"
"Infant Jesus Cottage School Mandya, Karnataka","0821-2511045","Krishnarajpet MANDYA(Dist) Karnataka"
"Santhome Public School Mandya, Karnataka","08232-220200","KyatamgereBannur RoadKiragandur (P.O.) MANDYA(Dist) Karnataka"
"Gnanodaya Public School Mandya, Karnataka","0821-3200425","#413/4BelawadiNaguvanahalli PostSrirangapatna Taluk MANDYA(Dist) Karnataka"
"Athreya Public School Mandya, Karnataka","08232-697851","8th Cross V. V. Nagar MANDYA(Dist) Karnataka"
"Notre Dame School Mysore, Karnataka","0821-2402856","Vijayanagar IV StageHunsur RoadHinkal MYSORE(Dist) Karnataka"
"Acharya Vidya Kula Mysore, Karnataka","0821-2402150","Aloka Road Left ForkOff Mysore Madikeri Highway MYSORE(Dist) Karnataka"
"Mysore Public School Mysore, Karnataka","0821-2597640","H.D. Kote RoadRayanakere Post MYSORE(Dist) Karnataka"
"Jnanasarovara International Residential School Mysore, Karnataka","0821-2477480","ParshuramanagarBhugathanahalliVajamangala PostBannur Road MYSORE(Dist) Karnataka"
"Adhyayan School Mysore, Karnataka","0821-2476147","CA - 02Adishakthi RoadShakthinagar MYSORE(Dist) Karnataka"
"Nalanda Gurukula International Mysore, Karnataka","08223-258254","GuddenahalliKoppa PostPeriyapatna Taluk MYSORE(Dist) Karnataka"
"Daffodils Concept School Raichur, Karnataka","08535-200238","Gangavati RoadHosahalli (E.J.) CrossTq. Sindhanur RAICHUR(Dist) Karnataka"
"National Residential School Shimoga, Karnataka","08181-796344","Thirthahalli TalukKonandoor SHIMOGA(Dist) Karnataka"
"St. Joseph's Aksharadhama Shimoga, Karnataka","9743094064","Sagar RoadGadikoppa SHIMOGA(Dist) Karnataka"
"Akshara Residential School Shimoga, Karnataka","08187-290810","Kalenahalli CrossP.B. No. 09Shikaripura SHIMOGA(Dist) Karnataka"
"Bishop Sargant School Tumkur, Karnataka","0816-2252092","C.S.I.V.C. CampusB.H. Road TUMKUR(Dist) Karnataka"
"Sahyadri School Shimoga, Karnataka","08181-228810","YadehalliBettamakkiSeebinakere PostThirthalli Tq. SHIMOGA(Dist) Karnataka"
"The Presidency Public School Tumkur, Karnataka","08135-277961","42 / 1 Jyothi NagarGurukula ExtensionAmarapura RoadSira TUMKUR(Dist) Karnataka"
"Sharada Residential School Udupi, Karnataka","0820-2523129","Kunjibettu UDUPI(Dist) Karnataka"
"Varin International Residential School Tumkur, Karnataka","0816-2299500","DoddahosurKunigal RoadGulur Post TUMKUR(Dist) Karnataka"
"Vidyaniketan Public School Udupi, Karnataka","0820-2552253","Kaup UDUPI(Dist) Karnataka"
"Sri Siddhi Vinayaka Residential School Udupi, Karnataka","08254-264591","HattiangadyKundapura Taluk UDUPI(Dist) Karnataka"
"Green Park Central School Udupi, Karnataka","0820-2542404","Hiriadka UDUPI(Dist) Karnataka"
"Silas International School Udupi, Karnataka","0820-2582607","HanumanthanagarPuttur UDUPI(Dist) Karnataka"
"Glowinstar Integrated School Udupi, Karnataka","0820-2532243","Ambalpady UDUPI(Dist) Karnataka"
"Vidyodaya Public School Udupi, Karnataka","0820-252055","Vadiraja Road UDUPI(Dist) Karnataka"
"Sri Taralabalu Central School Davangere, Karnataka","08194 - 268829, 268842, 268852","Ajjihalli @PChannagiri Tq.Davanagere Dist. DAVANGERE(Dist) Karnataka Pincode - 577213"
"Sunshine Primary And High School Bangalore Rural, Karnataka","9341464134","no.32 old ews corporation colonyL.R. Nagar main roadkormangala BANGALORE RURAL(Dist) Karnataka Pincode - 560047"
"Orchids International School Bangalore, Karnataka","9008413183","Behind PF Quarters, Near HMT Theatre,Sector 2, HMT Colony,Jalahalli, Bangalore BANGALORE(Dist) Karnataka Pincode - 560013"
"Amma Hps Sarthi Davangere, Karnataka","8722651488","Sarthi(Post)Harihara (T)Davanagere DAVANGERE(Dist) Karnataka Pincode - 577601"
"Basava Residential Girls School Bangalore Rural, Karnataka","9341239686","The Headmistress,DoddabeleKengeriBangalore BANGALORE RURAL(Dist) Karnataka Pincode - 560060"
"Smt.Parvathamma Shamanur Shivashankarappa English Medium Residential School Davangere, Karnataka","080208434","Shivagangotri, Tolahunse, P.B. 252, Davangere (Dis DAVANGERE(Dist) Karnataka Pincode - 577002"
"Being Child Bangalore, Karnataka","9886354123","302 Swastik House,Amar Jyothy LayoutDomlur BANGALORE(Dist) Karnataka Pincode - 560071"
"Little Millennium K R Puram Bangalore, Karnataka","9741076677","14, 2nd Cross, 4th Main, Vinayaka Layout, Behind Domino's, Bhattarahalli, K R PuramBangalore BANGALORE(Dist) Karnataka Pincode - 560049"
"The New Cambridge English School Bangalore, Karnataka","080-23301404/99 , 080-23301578","R.P.C. LayoutVijaya Nagar BANGALORE(Dist) Karnataka"
"St. Philomena's English Primary School Bangalore, Karnataka","080-23456443","DoddabommasandraVidyaranyapuraMn RoadJalahalli BANGALORE(Dist) Karnataka"
"Ryan International School Bangalore, Karnataka","080-28476963","Behind H.L.L. Ltd.Near A.E.C.S. LayoutKundalahalliM.H. Colony BANGALORE(Dist) Karnataka Pincode - 560037"